Prey,Bait,Score
NDH01G21210.1,NDH19G37400.1,1
NDH16G14050.3,NDH06G01000.3,1
NDH01G23670.1,NDH05G26720.1,1
NDH11G28210.1,NDH15G35080.1,1
NDH20G27700.1,NDH06G01000.4,1
NDH02G08230.1,NDH16G13990.1,1
NDH13G03460.1,NDH13G50970.1,1
NDH09G30660.1,NDH09G11910.1,1
NDH09G26200.1,NDH18G33730.1,1
NDH05G39540.1,NDH07G26600.3,1
NDH09G36330.1,NDH04G04290.2,1
NDH16G21130.1,NDH06G01530.1,1
NDH18G18690.2,NDH02G11311.1,1
NDH01G20990.1,NDH14G00490.1,1
NDH15G02060.3,NDH03G47250.1,1
NDH18G04180.1,NDH20G31490.2,1
Contig1G01880.1,NDH20G06940.1,1
NDH07G19430.1,NDH06G17600.1,1
NDH07G05100.1,NDH15G36630.1,1
NDH06G18000.1,NDH01G20990.1,1
NDH12G35010.1,NDH13G13950.1,1
NDH13G08300.1,NDH13G23620.1,1
NDH18G10860.1,NDH12G07750.1,1
NDH13G53800.2,NDH16G13210.7,1
NDH20G06940.1,NDH04G06230.1,1
NDH15G38670.2,NDH07G27560.1,1
NDH20G03480.1,NDH06G01000.3,1
NDH15G10100.1,NDH07G22150.1,1
NDH02G29240.1,NDH15G12830.1,1
NDH10G30530.1,NDH06G29980.1,1
NDH15G04800.1,NDH10G28610.3,1
NDH01G22990.1,NDH15G00990.2,1
NDH09G36370.1,NDH16G13830.1,1
NDH20G03830.1,NDH14G34740.3,1
NDH15G34840.1,NDH18G00010.1,1
NDH05G03540.1,NDH06G01000.4,1
NDH07G04971.1,NDH16G14470.1,1
NDH17G36830.1,NDH11G36860.1,1
NDH20G06560.1,NDH18G00510.1,1
NDH09G36480.1,NDH04G26601.1,1
NDH03G47250.1,NDH19G19080.1,1
NDH15G28630.1,NDH02G24630.1,1
NDH06G09160.5,NDH16G06631.1,1
NDH02G11311.1,NDH14G38660.1,1
NDH13G00170.1,NDH12G28400.1,1
NDH12G35580.1,NDH09G02320.1,1
NDH15G26260.3,NDH06G01000.3,1
NDH17G25660.3,NDH06G01000.4,1
NDH10G19530.1,NDH14G25370.1,1
NDH07G13960.1,NDH20G34360.1,1
NDH20G06560.1,NDH07G22150.1,1
NDH11G08220.1,NDH19G42640.1,1
NDH08G09200.1,NDH02G11311.1,1
NDH15G26260.4,NDH06G01000.3,1
NDH11G31370.1,NDH07G10790.1,1
NDH19G16790.1,NDH12G27890.1,1
NDH10G03010.1,NDH03G47220.1,1
NDH03G25720.1,NDH18G07200.1,1
NDH14G36891.1,NDH20G09830.1,1
NDH09G34430.1,NDH13G07960.2,1
NDH08G26270.1,NDH02G06920.1,1
NDH17G27570.1,NDH14G13270.1,1
NDH16G08970.1,NDH10G09890.1,1
NDH10G32110.2,NDH13G12320.1,1
NDH13G34710.1,NDH18G10920.1,1
NDH15G00090.1,NDH13G00420.1,1
NDH19G00780.1,NDH13G24320.5,1
NDH16G06140.1,NDH15G07710.1,1
NDH19G35081.1,NDH20G40570.1,1
NDH10G30320.1,NDH20G09830.1,1
NDH07G08340.2,NDH19G35440.1,1
Contig1G01280.1,NDH07G06010.1,1
NDH13G45090.2,NDH05G00110.1,1
NDH19G43710.1,NDH13G03550.1,1
NDH16G16440.2,NDH09G34430.1,1
NDH19G34080.1,NDH07G27760.1,1
NDH04G09260.1,NDH14G29810.1,1
NDH13G04530.1,NDH18G10880.1,1
NDH14G24480.1,NDH18G23560.1,1
Contig1G02030.1,NDH19G38160.1,1
NDH08G11700.1,NDH07G23590.1,1
NDH13G05760.1,NDH07G15900.1,1
NDH03G26670.4,NDH01G12970.1,1
NDH03G46690.1,NDH09G05790.6,1
NDH06G21290.1,NDH06G01000.4,1
NDH18G10930.2,NDH14G06170.2,1
NDH15G38670.2,NDH04G19380.1,1
NDH11G28210.1,NDH04G04650.1,1
NDH06G36990.1,NDH19G14620.1,1
NDH09G02480.1,NDH19G35440.2,1
NDH12G29510.2,NDH18G06810.1,1
NDH03G16110.1,NDH14G05610.1,1
NDH17G35350.1,NDH11G09490.1,1
Contig11G00070.1,NDH02G11311.1,1
NDH20G30980.1,NDH13G02850.1,1
NDH19G43460.1,NDH05G09350.2,1
Contig1G00520.1,NDH16G38640.1,1
NDH13G48590.1,NDH03G31500.3,1
NDH15G05190.1,NDH13G02850.1,1
NDH03G46700.1,NDH16G06030.2,1
NDH13G03460.1,NDH13G28970.1,1
NDH20G38120.1,NDH17G19560.2,1
NDH14G04410.1,NDH16G14050.3,1
NDH02G24430.1,NDH16G14050.3,1
NDH11G14390.1,NDH06G21290.1,1
NDH06G21290.1,NDH09G23960.1,1
NDH05G04550.1,NDH13G41210.2,1
NDH15G38670.1,NDH09G02230.1,1
NDH08G05980.1,NDH13G24230.1,1
NDH11G19570.3,NDH06G01000.4,1
NDH20G33440.3,NDH06G01000.3,1
NDH05G38890.1,NDH15G31130.1,1
NDH18G10860.1,NDH13G41210.1,1
NDH12G30920.2,NDH13G04000.3,1
NDH19G42290.1,NDH13G04980.1,1
NDH09G36500.1,NDH06G01000.4,1
NDH03G46690.1,NDH02G13560.1,1
NDH18G37220.1,NDH06G01000.4,1
NDH18G10880.1,NDH18G37050.1,1
NDH05G00860.2,NDH05G28950.2,1
NDH05G39060.1,NDH05G16960.1,1
NDH09G23440.1,NDH16G13210.7,1
NDH02G26340.1,NDH20G37110.5,1
NDH10G31460.1,NDH12G27890.1,1
NDH09G34430.1,NDH02G00170.1,1
NDH15G10040.1,NDH10G33430.1,1
NDH03G22600.1,NDH17G01300.1,1
NDH11G09751.1,NDH13G00110.1,1
NDH06G21290.1,NDH11G02220.1,1
NDH19G00260.1,NDH16G13210.7,1
NDH16G29160.1,NDH04G02920.2,1
NDH01G29290.3,NDH09G28670.1,1
NDH19G17620.2,NDH14G33370.1,1
NDH09G36020.1,NDH07G27210.1,1
NDH07G05100.1,NDH04G02920.2,1
NDH17G15720.4,NDH14G21720.1,1
NDH14G39530.1,NDH03G41190.1,1
NDH04G33250.1,NDH18G34180.1,1
NDH06G18000.1,NDH06G23020.1,1
NDH09G28150.1,NDH06G26320.1,1
NDH13G42740.1,NDH19G37400.1,1
NDH13G36680.1,NDH17G25370.1,1
NDH18G10880.1,NDH18G10880.1,1
NDH20G38110.1,NDH01G03040.1,1
NDH01G26400.1,NDH14G21830.1,1
NDH11G15560.1,NDH20G08330.1,1
NDH20G25780.1,NDH06G01000.4,1
NDH07G08340.2,NDH03G07150.1,1
NDH08G20160.1,NDH07G08340.1,1
NDH05G02550.1,NDH04G03930.1,1
NDH09G23440.1,NDH20G10570.11,1
NDH08G20140.1,NDH11G02220.1,1
NDH14G05360.1,NDH19G36430.1,1
NDH06G28840.1,NDH06G01020.1,1
NDH04G25440.1,NDH16G13210.7,1
NDH03G00430.1,NDH10G10970.1,1
NDH20G07610.1,NDH15G36700.3,1
NDH08G20140.1,NDH06G23240.1,1
NDH03G05440.1,NDH16G04640.2,1
NDH12G36380.1,NDH16G28140.1,1
NDH19G00780.1,NDH03G07130.1,1
NDH11G04580.1,NDH06G01000.3,1
NDH18G10860.1,NDH20G10520.1,1
NDH05G00860.2,NDH14G10340.1,1
NDH19G17470.1,NDH01G21800.1,1
NDH01G07230.1,NDH01G30090.3,1
NDH10G30320.1,NDH13G05410.1,1
NDH06G21920.1,NDH04G06230.1,1
NDH03G46690.1,NDH13G34710.1,1
NDH07G26970.1,NDH06G01000.4,1
NDH03G00780.1,NDH07G09420.1,1
NDH16G32860.1,NDH14G33370.1,1
NDH14G31720.1,NDH14G40050.1,1
NDH06G06460.1,NDH04G04590.2,1
NDH05G14340.1,NDH06G01000.4,1
NDH19G35080.1,NDH05G26260.1,1
NDH13G49070.1,NDH17G27570.1,1
NDH12G35010.1,NDH07G01770.1,1
NDH10G07180.1,NDH19G35080.1,1
NDH11G34800.1,NDH13G17040.1,1
NDH05G01540.2,NDH15G23230.1,1
NDH20G42940.1,NDH15G26260.3,1
NDH01G15550.1,NDH19G22020.1,1
NDH20G10650.1,NDH16G00130.1,1
NDH02G14130.1,NDH14G04910.4,1
NDH16G16490.1,NDH19G01590.1,1
NDH06G19290.1,NDH12G19910.1,1
NDH03G39640.1,NDH01G13010.1,1
NDH14G40140.1,NDH12G27890.1,1
NDH18G08130.1,NDH14G10430.1,1
NDH15G27910.1,NDH10G29460.1,1
NDH07G08340.2,NDH10G05290.1,1
NDH09G36020.1,NDH03G16030.1,1
NDH16G36420.1,NDH16G14050.3,1
NDH09G08500.5,NDH15G38690.1,1
NDH09G36370.1,NDH20G16530.1,1
NDH05G39540.1,NDH09G23960.1,1
NDH13G53920.1,NDH04G25340.3,1
NDH08G02410.1,NDH20G31600.3,1
NDH02G08230.1,NDH19G36450.1,1
NDH18G10860.1,NDH06G01000.2,1
NDH10G05010.1,NDH06G06070.1,1
NDH15G05200.2,NDH03G02100.2,1
NDH06G12950.1,NDH04G33930.1,1
NDH01G36510.2,NDH14G05360.1,1
NDH13G08370.1,NDH06G01000.4,1
NDH01G04960.1,NDH17G36710.1,1
NDH16G29160.1,NDH14G03830.1,1
NDH03G47250.1,NDH07G11710.1,1
NDH17G02220.1,NDH06G20440.1,1
NDH13G45090.1,NDH08G24450.1,1
NDH09G23440.1,NDH15G36630.1,1
NDH11G01860.1,NDH13G00110.1,1
NDH03G47390.1,NDH19G10580.1,1
NDH15G26260.4,NDH06G01000.4,1
NDH16G34250.1,NDH06G32160.1,1
NDH18G10880.1,NDH09G23440.1,1
NDH08G20140.1,NDH05G26720.1,1
NDH01G25940.1,NDH04G22660.1,1
NDH09G29120.1,NDH10G08270.3,1
NDH02G14130.1,NDH19G03950.1,1
NDH10G05290.1,NDH20G28350.6,1
NDH16G31760.1,NDH05G00110.1,1
NDH20G38120.1,NDH16G13210.7,1
NDH06G17790.1,NDH06G01000.3,1
NDH02G24640.1,NDH13G49480.1,1
NDH07G08340.1,NDH06G01000.3,1
NDH06G01020.1,NDH16G33210.1,1
NDH15G07210.1,NDH19G36450.1,1
NDH03G47250.1,NDH13G04040.2,1
NDH06G25990.1,NDH09G27420.2,1
NDH16G14050.3,NDH12G00470.1,1
NDH12G35010.1,NDH03G17790.1,1
NDH12G00980.1,NDH06G21840.3,1
NDH11G02470.1,NDH06G01000.3,1
NDH13G45090.2,NDH18G28100.1,1
NDH13G04040.2,NDH19G00780.1,1
NDH06G01000.4,NDH10G30310.1,1
NDH03G04180.1,NDH04G06230.1,1
NDH09G14250.1,NDH12G35010.1,1
NDH01G05740.1,NDH09G28360.11,1
NDH01G23510.1,NDH01G26960.1,1
NDH11G02470.1,NDH06G01000.4,1
NDH03G36740.1,NDH03G13460.1,1
NDH01G06480.1,NDH15G13380.1,1
NDH08G04810.2,NDH04G06230.1,1
NDH19G17470.1,NDH05G39540.1,1
NDH18G15710.1,NDH19G08690.1,1
NDH04G02660.1,NDH03G20410.1,1
NDH03G14320.2,NDH20G14370.1,1
NDH20G06580.1,NDH11G15820.1,1
NDH03G22220.2,NDH05G39990.1,1
NDH06G01000.3,NDH06G01000.3,1
NDH19G19340.4,NDH14G12430.1,1
NDH14G34740.1,NDH13G41210.1,1
NDH16G04510.1,NDH01G20470.1,1
NDH19G17810.1,NDH09G28660.1,1
NDH13G17280.1,NDH16G29310.1,1
NDH13G51270.1,NDH16G17170.2,1
NDH15G39190.1,NDH15G18631.1,1
NDH14G21790.1,NDH02G14850.1,1
NDH03G47920.1,NDH08G00590.1,1
NDH08G15400.1,NDH08G29610.1,1
NDH20G03020.1,NDH15G36630.1,1
NDH01G31090.2,NDH06G01000.3,1
NDH01G05700.1,NDH07G10790.1,1
NDH17G08860.1,NDH19G42510.1,1
NDH20G38650.1,NDH13G07960.1,1
NDH15G34140.1,NDH16G14050.3,1
NDH18G08330.1,NDH12G27890.1,1
NDH15G39190.1,NDH16G14050.3,1
NDH03G39330.1,NDH19G03950.1,1
NDH04G13530.1,NDH18G20890.1,1
NDH20G31450.1,NDH12G23200.1,1
NDH16G22340.1,NDH06G37500.2,1
NDH10G30320.1,NDH13G04040.2,1
NDH17G17370.1,NDH06G01000.3,1
NDH16G17250.1,NDH06G15710.1,1
NDH01G02350.1,NDH11G23270.1,1
NDH20G11081.1,NDH20G11090.1,1
NDH12G27340.1,NDH09G22100.1,1
NDH16G10640.1,NDH04G06230.1,1
NDH13G41210.2,NDH06G21060.1,1
NDH17G37530.1,NDH16G14050.3,1
NDH10G01180.1,NDH13G24230.1,1
NDH15G38900.1,NDH19G35080.1,1
NDH16G08660.1,NDH15G29280.1,1
NDH01G25350.1,NDH08G12760.1,1
NDH14G35600.1,NDH06G17970.1,1
NDH20G11710.1,NDH03G41190.1,1
NDH01G29120.2,NDH16G15680.1,1
NDH03G02130.1,NDH09G16360.1,1
NDH07G06630.1,NDH01G22990.1,1
NDH03G37040.1,NDH01G13500.1,1
NDH09G04450.1,NDH06G04140.1,1
NDH15G34930.4,NDH08G18660.1,1
NDH18G03070.1,NDH13G41210.1,1
NDH14G32240.3,NDH16G13210.7,1
NDH06G02600.1,NDH09G28360.15,1
NDH01G30610.1,NDH12G05740.1,1
NDH10G16750.2,NDH17G15720.4,1
NDH12G05080.3,NDH19G03950.1,1
NDH08G29610.1,NDH10G32450.3,1
NDH15G38640.1,NDH18G10880.1,1
NDH10G24110.1,NDH04G31710.1,1
NDH19G35820.1,NDH14G34980.1,1
NDH06G15751.1,NDH19G15890.1,1
NDH15G37220.6,NDH03G00780.1,1
NDH20G40630.1,NDH15G30460.1,1
NDH18G32240.2,NDH14G40050.1,1
NDH19G04310.1,NDH08G20110.1,1
NDH20G12720.1,NDH15G26650.1,1
NDH09G02230.1,NDH09G23440.1,1
NDH13G04480.1,NDH05G25800.1,1
NDH13G04480.1,NDH20G38030.1,1
NDH08G13080.1,NDH08G20140.1,1
NDH15G36310.1,NDH06G01000.3,1
NDH03G05200.1,NDH09G04520.1,1
NDH06G15751.1,NDH07G13990.1,1
NDH11G38910.2,NDH03G26670.4,1
NDH13G04040.2,NDH18G32240.2,1
NDH20G13480.1,NDH03G42440.2,1
NDH15G25130.1,NDH14G37670.1,1
NDH01G02700.1,NDH20G01050.1,1
NDH19G34820.1,NDH13G22470.1,1
NDH05G25560.1,NDH05G25070.1,1
NDH06G01000.3,NDH09G17230.1,1
NDH03G48230.1,NDH06G01530.1,1
NDH10G01610.1,NDH19G20440.1,1
NDH08G03950.1,NDH20G24360.1,1
NDH15G10290.1,NDH06G01000.3,1
NDH13G22880.3,NDH06G06530.1,1
NDH08G00140.3,NDH06G01000.3,1
NDH19G38000.1,NDH06G01000.4,1
NDH13G46960.1,NDH19G16160.1,1
NDH13G47660.2,NDH12G16711.3,1
NDH06G01020.1,NDH01G03040.1,1
NDH10G30561.1,NDH10G01820.1,1
NDH03G44620.1,NDH06G01000.3,1
NDH05G26280.1,NDH17G26450.1,1
NDH10G00530.5,NDH05G01040.3,1
NDH18G08450.1,NDH06G01000.4,1
NDH05G36550.1,NDH06G01000.4,1
NDH07G05880.1,NDH04G06230.1,1
NDH04G16790.1,NDH09G22210.1,1
NDH07G00360.1,NDH17G21210.2,1
NDH16G13210.6,NDH20G43200.2,1
NDH04G04290.2,NDH10G29940.1,1
NDH19G30920.2,NDH10G03880.1,1
NDH01G09721.1,NDH15G35230.1,1
NDH20G08680.1,NDH12G15330.1,1
NDH17G07100.2,NDH20G28510.2,1
NDH14G12430.1,NDH01G24860.1,1
NDH18G15530.1,NDH05G04530.1,1
NDH06G22630.1,NDH15G38930.1,1
NDH20G08720.1,NDH16G14030.4,1
NDH07G08340.2,NDH04G28940.1,1
NDH05G00110.1,NDH14G12430.1,1
NDH07G08340.2,NDH13G21070.3,1
NDH05G06820.2,NDH08G24310.2,1
NDH19G17090.1,NDH20G06380.1,1
NDH15G39190.1,NDH09G26800.1,1
NDH14G02850.1,NDH18G28100.1,1
NDH16G13670.1,NDH07G08340.2,1
NDH10G12330.1,NDH03G41190.1,1
NDH02G09431.1,NDH01G10020.1,1
NDH17G21150.2,NDH06G16050.1,1
NDH03G42140.1,NDH19G08690.1,1
NDH07G08340.1,NDH07G22150.1,1
NDH20G40420.1,NDH04G12000.1,1
NDH02G03800.2,NDH19G41170.1,1
NDH10G11870.1,NDH06G01000.3,1
NDH19G35080.1,NDH05G17010.1,1
NDH13G48590.1,NDH13G48590.1,1
NDH06G20700.1,NDH05G02900.2,1
NDH04G05460.1,NDH06G01000.4,1
NDH17G00560.1,NDH09G23440.1,1
NDH19G19600.1,NDH13G44810.1,1
NDH09G23440.1,NDH10G15630.1,1
NDH06G21290.1,NDH06G12181.1,1
NDH07G12180.1,NDH03G07470.1,1
NDH20G08000.1,NDH13G49940.1,1
NDH03G03541.1,NDH19G38160.1,1
NDH09G23440.1,NDH15G00990.1,1
NDH09G06480.3,NDH15G19140.1,1
NDH18G01670.1,NDH04G26601.1,1
NDH13G42340.1,NDH06G01000.3,1
NDH04G29880.1,NDH19G38450.1,1
NDH17G00420.1,NDH03G02770.1,1
NDH20G03500.2,NDH12G04300.1,1
NDH16G31630.1,NDH20G26910.2,1
NDH16G17410.1,NDH06G01000.4,1
NDH05G05640.1,NDH06G01000.3,1
NDH17G06120.1,NDH07G15900.1,1
NDH09G21560.7,NDH17G36280.1,1
NDH16G38870.1,NDH07G26210.1,1
NDH07G01030.1,NDH06G01000.3,1
NDH13G04560.1,NDH19G09601.1,1
NDH17G27570.1,NDH04G32130.1,1
NDH18G21110.1,NDH15G36090.5,1
NDH07G19430.1,NDH05G39490.1,1
NDH07G04971.1,NDH20G38110.1,1
NDH09G06480.3,NDH06G26660.1,1
NDH16G36420.1,NDH17G16420.1,1
NDH06G28840.1,NDH12G16711.3,1
NDH17G35860.1,NDH14G12430.1,1
NDH13G20090.1,NDH20G38120.1,1
NDH06G28380.3,NDH19G35080.1,1
NDH06G28840.1,NDH04G06230.1,1
NDH06G19290.1,NDH06G16050.1,1
NDH09G23440.1,NDH17G25480.3,1
NDH09G23440.1,NDH13G24230.1,1
NDH17G34840.1,NDH16G36420.1,1
NDH15G25360.4,NDH03G01810.5,1
NDH17G25660.3,NDH03G47231.1,1
NDH20G08000.1,NDH19G35080.1,1
NDH04G24850.3,NDH05G05830.2,1
NDH20G23430.1,NDH13G44210.2,1
NDH09G28360.13,NDH10G19120.5,1
NDH19G44220.1,NDH04G06230.1,1
NDH18G02240.3,NDH19G31750.2,1
NDH13G49070.1,NDH19G35080.1,1
NDH14G03770.1,NDH04G08620.1,1
NDH13G46770.1,NDH19G03870.1,1
NDH17G04620.1,NDH01G29220.1,1
NDH18G10880.1,NDH04G04290.1,1
NDH20G38110.1,NDH14G39490.1,1
NDH09G31460.1,NDH12G09600.1,1
NDH07G08340.2,NDH08G17540.1,1
NDH14G01180.1,NDH18G09430.1,1
NDH19G37400.1,NDH05G00110.1,1
NDH10G07600.1,NDH06G01000.4,1
NDH15G25940.1,NDH14G40140.1,1
NDH12G30920.1,NDH13G04000.3,1
NDH13G09730.1,NDH02G11311.1,1
NDH20G02871.1,NDH10G05010.1,1
NDH05G18210.1,NDH14G31720.1,1
NDH11G05070.2,NDH13G02990.1,1
NDH03G07070.1,NDH09G25860.1,1
NDH08G18820.2,NDH13G22130.2,1
NDH12G20850.1,NDH10G20000.1,1
NDH06G36320.1,NDH07G18990.1,1
NDH13G44250.1,NDH16G17170.2,1
NDH07G20530.1,NDH20G23430.1,1
NDH18G10880.1,NDH06G26640.1,1
NDH07G08340.2,NDH07G26600.3,1
NDH20G23971.1,NDH13G03130.1,1
NDH10G05010.1,NDH08G12220.1,1
NDH19G39830.1,NDH08G20140.1,1
NDH04G18530.1,NDH14G40370.1,1
NDH02G20650.1,NDH20G37180.3,1
NDH20G38110.1,NDH09G23440.1,1
NDH14G34520.1,NDH12G27760.1,1
NDH20G38120.1,NDH06G01530.3,1
NDH06G07880.1,NDH08G25700.1,1
NDH03G08780.1,NDH15G30690.1,1
NDH12G10970.1,NDH08G13470.2,1
NDH17G05210.1,NDH08G14730.3,1
NDH19G35560.1,NDH07G27961.1,1
NDH08G13510.1,NDH14G01210.1,1
NDH05G01540.2,NDH09G05080.1,1
NDH13G18131.1,NDH03G41230.2,1
NDH17G36830.1,NDH14G38210.2,1
NDH18G10880.1,NDH01G30090.3,1
Contig1G01450.1,NDH09G36440.1,1
NDH18G10880.1,NDH17G15390.2,1
NDH04G18250.1,NDH16G14030.4,1
NDH06G28840.1,NDH08G25970.1,1
NDH10G01290.1,NDH14G39610.2,1
NDH04G26880.1,NDH05G35810.1,1
NDH06G15770.1,NDH18G26510.1,1
NDH03G26520.1,NDH08G20140.1,1
NDH12G35010.1,NDH17G08160.1,1
NDH19G35081.1,NDH09G08620.1,1
NDH14G00720.1,NDH10G22950.1,1
NDH10G02110.1,NDH06G01000.4,1
NDH15G39190.1,NDH16G13990.1,1
NDH15G26260.3,NDH06G13970.2,1
NDH05G04620.1,NDH15G33030.1,1
NDH18G03010.1,NDH15G34810.2,1
NDH07G22490.1,NDH19G37320.4,1
NDH11G32890.1,NDH11G37270.1,1
NDH08G13080.1,NDH04G06230.1,1
NDH05G39540.1,NDH11G15740.1,1
NDH13G11520.1,NDH16G02810.1,1
NDH16G32860.1,NDH04G06230.1,1
NDH04G27250.1,NDH05G05830.2,1
NDH12G35750.2,NDH07G12250.1,1
NDH07G04971.1,NDH13G00110.1,1
NDH15G00090.2,NDH03G38360.1,1
NDH19G40310.2,NDH01G31360.1,1
NDH11G33061.1,NDH05G35590.1,1
NDH19G15290.1,NDH06G01000.3,1
NDH02G04790.1,NDH09G24140.1,1
NDH15G11960.2,NDH11G32290.1,1
NDH13G06340.4,NDH09G28360.15,1
NDH13G50030.1,NDH07G11710.1,1
NDH18G10880.1,NDH14G00260.4,1
NDH08G28330.1,NDH02G01340.1,1
NDH07G26970.1,NDH18G34180.1,1
NDH19G37400.1,NDH04G18070.1,1
NDH13G38710.2,NDH14G31720.1,1
NDH20G03630.1,NDH04G26480.2,1
NDH02G24430.1,NDH19G37400.1,1
NDH20G03830.1,NDH12G35920.1,1
NDH17G35350.1,NDH16G25140.1,1
NDH20G38120.1,NDH10G30320.1,1
NDH13G18131.1,NDH06G01000.4,1
NDH19G14160.1,NDH01G30690.2,1
NDH07G12180.1,NDH14G01820.2,1
NDH20G38120.1,NDH11G10230.3,1
NDH11G28020.1,NDH19G02030.1,1
NDH14G12010.1,NDH06G01000.3,1
NDH03G47250.1,NDH13G22600.1,1
NDH05G29660.1,NDH04G06230.1,1
NDH11G24160.1,NDH08G20110.1,1
NDH15G25940.1,NDH15G39620.1,1
NDH15G06010.1,NDH13G04650.1,1
NDH13G50030.1,NDH07G27210.1,1
NDH12G35010.1,NDH04G05560.2,1
NDH03G01611.1,NDH03G06460.1,1
NDH10G30330.1,NDH12G33020.1,1
NDH10G05290.1,NDH11G25360.1,1
NDH17G36830.1,NDH11G06810.1,1
NDH10G30330.1,NDH01G26120.1,1
NDH14G25440.1,NDH17G35070.2,1
NDH09G18250.2,NDH06G01000.4,1
NDH09G02230.1,NDH19G43710.1,1
NDH15G39560.1,NDH03G24270.1,1
NDH08G18580.1,NDH12G04300.1,1
NDH13G49070.1,NDH03G07770.1,1
NDH11G33010.1,NDH09G13670.1,1
NDH12G35010.1,NDH01G17310.1,1
NDH03G23940.1,NDH13G27570.1,1
NDH07G12180.1,NDH05G05230.1,1
NDH08G07690.2,NDH13G21080.2,1
NDH08G16190.1,NDH19G38890.1,1
NDH10G30320.1,NDH11G00430.1,1
NDH09G23440.1,NDH19G05550.1,1
NDH14G26050.1,NDH12G02120.1,1
NDH07G01030.1,NDH07G22180.3,1
NDH19G42600.1,Contig1G01680.1,1
NDH05G01540.2,NDH20G01050.1,1
NDH16G25140.1,NDH09G13400.1,1
NDH19G35080.1,NDH13G18380.1,1
NDH20G08330.1,NDH20G20390.1,1
NDH03G48250.1,NDH18G17331.1,1
NDH01G35990.3,NDH19G08600.1,1
NDH12G10950.1,NDH10G22250.1,1
NDH20G06170.1,NDH09G36480.1,1
NDH20G06560.1,NDH13G25191.1,1
NDH20G18500.1,NDH05G17190.1,1
NDH06G21290.1,NDH13G45090.1,1
NDH14G05330.1,NDH19G07590.1,1
NDH19G37400.1,NDH06G01000.3,1
NDH13G05760.1,NDH09G23440.1,1
NDH10G30320.1,NDH12G35150.1,1
NDH19G08380.1,NDH16G14030.4,1
NDH13G25980.1,NDH11G02470.1,1
NDH17G25660.3,NDH06G23240.1,1
NDH15G36830.1,NDH11G36270.1,1
NDH18G10880.1,NDH13G24230.1,1
NDH10G17060.1,NDH06G01000.2,1
NDH16G04210.1,NDH06G23240.1,1
NDH10G30330.1,NDH09G36210.1,1
NDH08G30020.1,NDH06G21670.1,1
NDH06G21910.1,NDH09G23440.1,1
NDH11G24010.1,NDH18G05060.1,1
NDH06G35520.1,NDH08G20110.1,1
NDH13G24230.1,NDH18G23560.1,1
NDH08G20110.1,NDH17G19580.1,1
NDH20G38110.1,NDH05G04720.1,1
NDH15G26260.3,NDH05G02470.1,1
NDH17G27570.1,NDH03G30780.1,1
NDH15G39190.1,NDH13G50880.2,1
NDH20G38110.1,Contig1G01750.1,1
NDH06G05200.1,NDH01G04880.1,1
NDH18G10860.1,NDH05G04820.1,1
NDH13G21330.1,NDH05G28820.1,1
NDH15G39660.1,NDH04G09260.1,1
NDH10G30320.1,NDH08G20140.1,1
NDH20G08330.1,NDH13G50250.1,1
NDH14G14070.1,NDH15G32360.1,1
NDH06G21290.1,NDH06G01000.3,1
NDH10G29460.1,NDH14G03080.1,1
NDH13G50890.1,NDH13G50890.1,1
NDH13G00670.1,NDH15G31020.1,1
NDH20G38120.1,NDH12G35690.1,1
NDH09G23440.1,NDH13G07330.1,1
NDH06G28590.1,NDH19G36450.1,1
NDH15G02060.3,NDH05G02900.2,1
NDH09G28670.1,NDH13G44100.1,1
NDH10G18680.1,NDH05G39490.1,1
NDH06G13390.2,NDH16G13210.7,1
NDH01G27500.1,NDH17G20860.3,1
NDH19G19600.1,NDH06G01000.3,1
NDH14G31720.1,NDH14G10340.1,1
NDH20G03830.1,NDH09G30660.1,1
NDH09G13400.1,NDH05G04530.1,1
NDH14G07260.2,NDH09G28490.2,1
NDH20G40950.1,NDH13G01380.1,1
NDH06G01000.4,NDH06G01000.3,1
NDH05G10300.1,NDH08G17320.1,1
NDH19G12340.1,NDH09G34520.1,1
NDH06G01000.4,NDH16G37820.1,1
NDH04G34980.3,NDH10G22950.1,1
NDH05G32410.1,NDH06G01230.1,1
NDH06G01000.4,NDH15G16660.1,1
NDH11G02470.1,NDH18G03090.1,1
NDH20G38120.1,NDH16G38830.1,1
NDH06G38170.1,NDH06G01000.4,1
NDH13G44740.2,NDH14G03830.1,1
NDH05G39550.1,NDH16G13210.4,1
NDH12G24310.2,NDH18G29710.3,1
NDH11G35060.1,NDH05G39850.3,1
NDH15G05270.1,NDH07G04971.1,1
NDH19G38710.1,NDH06G21290.1,1
NDH06G18370.1,NDH01G26920.1,1
NDH10G29950.1,NDH20G11190.1,1
NDH13G01550.1,NDH06G01000.4,1
NDH16G13670.1,NDH10G28610.3,1
NDH06G09620.1,NDH16G24840.1,1
NDH12G02050.1,NDH06G04670.1,1
NDH03G41910.1,NDH18G09490.1,1
NDH05G39550.1,NDH16G40200.1,1
NDH10G05010.1,NDH20G06580.1,1
NDH20G24260.1,NDH03G06460.1,1
NDH06G31450.1,NDH17G20860.3,1
NDH15G32490.1,NDH13G16250.2,1
NDH08G08860.1,NDH09G27530.1,1
NDH14G21220.1,NDH03G41190.1,1
NDH01G32821.1,NDH16G10640.1,1
NDH05G04530.1,NDH16G14050.3,1
NDH08G15950.1,NDH16G13210.7,1
NDH11G18240.2,NDH06G01000.3,1
NDH11G33510.1,NDH16G32270.1,1
NDH08G04810.2,NDH02G24430.1,1
NDH15G34540.1,NDH09G09720.1,1
NDH03G44370.1,NDH09G36210.1,1
NDH01G34680.2,NDH16G14030.4,1
NDH13G51580.1,NDH19G22010.1,1
NDH19G07400.1,NDH03G31850.1,1
NDH03G47250.1,NDH12G37200.1,1
NDH06G21670.1,NDH07G13960.1,1
NDH16G40010.1,NDH10G30620.1,1
NDH20G06880.1,NDH03G11200.1,1
NDH19G43720.1,NDH16G13210.4,1
NDH06G14420.1,NDH13G36680.1,1
NDH09G28360.3,NDH05G00110.1,1
NDH15G31110.4,NDH14G38770.1,1
NDH09G28360.15,NDH08G00990.1,1
NDH02G05870.1,NDH20G12340.1,1
NDH19G37860.2,NDH12G01850.1,1
NDH11G15740.1,NDH01G23510.1,1
NDH10G26750.1,NDH05G02900.2,1
NDH08G20110.1,NDH10G17060.1,1
NDH07G19040.1,NDH12G05590.1,1
NDH16G09250.1,NDH20G39400.1,1
NDH07G26180.1,NDH07G27490.1,1
NDH15G33420.3,NDH06G01000.3,1
NDH15G36630.1,NDH01G02350.2,1
NDH06G01000.3,NDH10G07880.2,1
NDH01G26640.1,NDH15G22220.1,1
NDH15G00110.1,NDH09G17320.1,1
NDH07G23270.1,NDH05G00800.2,1
NDH16G14030.4,NDH17G30380.1,1
NDH16G10220.1,NDH19G03950.1,1
NDH18G24980.1,NDH17G03040.1,1
NDH16G14030.4,NDH10G32440.1,1
NDH16G06990.1,NDH14G12430.1,1
NDH13G18131.1,NDH16G09820.1,1
NDH13G36490.1,NDH05G39540.3,1
NDH09G36040.1,NDH04G06230.1,1
NDH15G36310.1,NDH07G01150.1,1
NDH13G18131.1,NDH13G09860.1,1
NDH02G22130.1,NDH15G02430.1,1
NDH15G36310.1,NDH20G03260.1,1
NDH09G26350.1,NDH14G36891.1,1
NDH19G08380.1,NDH16G06530.1,1
NDH12G33770.1,NDH20G01350.2,1
NDH10G29270.1,NDH18G03860.2,1
NDH20G04800.1,NDH19G38060.2,1
NDH11G02470.1,NDH09G24710.1,1
NDH11G00540.1,NDH01G32820.1,1
NDH06G01020.1,NDH05G24030.1,1
NDH08G20110.1,NDH01G25790.4,1
NDH06G35090.1,NDH20G31490.2,1
NDH06G01020.1,NDH19G29050.1,1
NDH10G30320.1,NDH14G01520.1,1
NDH13G19500.1,NDH09G02320.1,1
NDH05G00110.1,NDH06G01020.1,1
NDH16G08160.1,NDH18G08180.1,1
NDH07G17330.1,NDH02G24550.1,1
NDH04G34980.1,NDH19G13710.1,1
NDH05G38840.1,NDH04G27800.1,1
NDH04G28650.2,NDH07G22490.1,1
NDH09G07580.1,NDH12G04080.1,1
NDH16G37750.1,NDH20G30080.1,1
NDH03G07150.1,NDH10G31380.3,1
NDH07G08340.2,NDH16G07660.1,1
NDH03G00370.1,NDH19G02910.1,1
NDH20G31670.1,NDH18G22780.1,1
NDH19G11720.1,NDH01G24860.1,1
NDH13G09880.2,NDH18G36530.2,1
NDH20G41040.1,NDH02G06920.1,1
NDH01G30860.3,NDH02G01340.1,1
NDH07G08340.1,NDH13G45090.1,1
NDH13G09330.1,NDH15G26260.1,1
NDH05G16960.1,NDH10G27820.1,1
NDH07G04971.1,NDH20G41190.1,1
NDH13G37220.2,NDH05G09350.2,1
NDH08G00740.2,NDH19G03950.1,1
NDH10G03180.1,NDH06G01000.3,1
NDH06G16260.1,NDH12G20740.1,1
NDH12G17480.1,NDH03G01611.1,1
Contig1G01680.1,NDH03G11890.1,1
NDH03G41940.1,NDH13G17690.1,1
NDH16G13210.7,NDH13G22600.1,1
NDH17G00330.1,NDH03G41190.1,1
NDH05G18180.1,NDH13G50590.1,1
NDH07G11760.1,NDH06G20420.1,1
NDH05G04610.1,NDH12G37000.1,1
NDH01G33230.1,NDH16G13210.7,1
NDH16G13210.4,NDH01G05980.1,1
NDH15G02230.1,NDH06G01000.3,1
NDH19G11720.1,NDH13G53640.1,1
NDH05G17040.5,NDH02G08060.3,1
NDH14G21500.1,NDH06G01530.1,1
NDH04G10880.1,NDH02G03100.1,1
NDH15G31110.4,NDH11G38250.1,1
NDH19G11720.1,NDH09G34430.1,1
NDH17G00330.1,NDH18G23560.1,1
NDH06G01000.3,NDH08G30820.1,1
NDH18G15530.1,NDH05G09080.1,1
NDH10G03180.1,NDH13G00110.1,1
NDH04G01000.1,NDH09G02230.1,1
NDH19G07590.1,NDH19G20000.1,1
NDH04G02200.1,NDH03G01070.1,1
NDH10G05010.1,NDH15G17340.1,1
NDH16G19020.1,NDH08G20110.1,1
NDH09G29820.1,NDH03G29410.1,1
NDH15G35090.1,NDH10G18160.1,1
NDH14G07420.2,NDH20G02350.1,1
NDH14G31720.1,NDH14G02810.1,1
NDH09G03080.1,NDH03G40610.1,1
NDH04G29880.1,NDH14G01210.1,1
NDH16G21130.1,NDH06G05420.1,1
NDH03G12640.1,NDH06G08900.1,1
NDH07G08340.2,NDH06G07080.1,1
NDH20G08000.1,NDH11G31250.1,1
NDH05G07790.1,NDH20G31770.1,1
NDH01G36670.1,NDH08G30820.1,1
NDH19G05230.1,NDH18G13280.1,1
NDH17G36830.1,NDH08G30080.1,1
NDH01G11950.1,NDH08G01010.1,1
NDH03G21450.1,NDH13G16360.1,1
NDH07G08340.2,NDH14G07090.1,1
NDH07G13960.1,NDH03G06460.1,1
NDH20G38110.1,NDH06G25500.1,1
NDH17G27570.1,NDH03G25920.1,1
NDH11G05070.2,NDH03G01070.1,1
NDH20G27290.1,NDH11G26240.1,1
NDH17G15720.4,NDH14G12780.1,1
NDH13G01380.1,NDH16G25200.1,1
NDH09G02230.1,NDH14G32030.1,1
NDH08G08160.1,NDH19G39330.1,1
NDH02G11311.1,NDH13G52830.1,1
NDH08G20110.1,NDH11G02220.1,1
NDH18G10880.1,NDH09G32980.1,1
NDH15G39620.1,NDH12G28480.1,1
NDH11G32270.1,NDH11G34200.1,1
NDH17G27660.1,NDH09G15470.2,1
NDH12G22100.1,NDH03G21290.1,1
NDH04G14210.1,NDH06G01530.1,1
NDH19G35080.1,NDH03G42440.2,1
NDH09G23440.1,NDH15G36660.1,1
NDH12G30710.1,NDH07G05270.5,1
NDH20G08000.1,NDH20G31810.1,1
NDH04G02920.1,NDH04G13650.1,1
NDH06G21290.1,NDH16G00550.2,1
NDH18G34180.1,NDH12G36020.1,1
NDH20G15510.1,NDH06G23070.1,1
NDH05G14900.4,NDH03G43750.1,1
NDH03G11430.1,NDH09G28660.1,1
NDH09G23440.1,NDH09G28670.1,1
NDH17G00960.2,NDH20G27660.1,1
NDH18G10880.1,NDH16G10640.1,1
NDH13G04560.1,NDH04G26550.1,1
NDH14G08670.1,NDH04G06230.1,1
NDH08G20110.1,NDH13G17870.1,1
NDH10G01540.1,NDH06G30660.1,1
NDH01G29780.4,NDH01G35650.1,1
NDH08G20160.1,NDH19G35440.1,1
NDH13G09110.2,NDH14G07420.2,1
NDH16G36420.1,NDH16G03960.1,1
NDH12G31250.2,NDH20G33440.3,1
Contig1G01280.1,NDH10G20990.2,1
NDH17G05460.1,NDH03G37180.1,1
NDH13G51010.1,NDH18G17331.1,1
NDH20G05480.1,NDH20G05480.1,1
NDH17G36830.1,NDH04G06230.1,1
NDH15G26050.1,NDH08G00590.1,1
NDH14G07420.2,NDH15G34410.3,1
NDH14G12430.1,NDH12G35010.1,1
NDH07G08340.2,NDH11G17560.1,1
NDH10G02380.1,NDH05G39940.1,1
NDH09G08500.1,NDH11G24010.1,1
NDH18G02830.1,NDH03G42200.1,1
NDH12G26200.1,NDH14G38680.1,1
NDH08G20110.1,NDH10G28610.3,1
NDH15G11890.1,NDH02G10350.1,1
NDH02G06920.1,NDH05G33320.1,1
NDH08G13080.1,NDH01G35650.1,1
NDH18G05850.1,NDH05G02370.1,1
NDH20G23430.1,NDH18G00340.2,1
NDH04G26480.2,NDH05G06390.1,1
NDH09G23440.1,NDH12G02120.1,1
NDH17G35350.1,NDH20G39390.1,1
NDH06G38220.1,NDH16G13670.1,1
NDH11G12130.1,NDH03G06390.1,1
NDH02G26340.1,NDH17G01680.1,1
NDH12G06620.1,NDH07G08340.2,1
NDH03G00290.1,NDH14G00140.1,1
NDH16G25270.1,NDH05G36720.1,1
NDH07G08970.3,NDH13G04980.1,1
NDH02G18990.1,NDH10G00280.1,1
NDH17G15720.4,NDH14G06790.1,1
NDH03G48230.1,NDH18G25880.1,1
NDH10G07310.1,NDH15G36660.1,1
NDH05G27590.1,NDH13G41210.1,1
NDH15G35070.1,NDH17G20110.1,1
NDH11G26490.1,NDH06G14190.1,1
NDH20G24260.1,NDH04G19630.1,1
NDH18G10930.2,NDH16G13210.6,1
NDH13G18131.1,NDH11G18520.1,1
NDH20G37930.1,NDH07G05230.1,1
NDH01G30610.1,NDH07G09840.1,1
NDH19G34160.1,NDH01G30090.3,1
NDH06G16250.1,NDH14G09150.1,1
NDH05G01650.2,NDH11G36270.1,1
NDH14G36891.1,NDH13G43320.1,1
NDH10G07591.1,NDH10G28370.1,1
NDH02G05020.1,NDH14G07320.2,1
NDH04G31760.1,NDH04G27040.1,1
NDH19G17230.1,NDH19G20530.1,1
NDH20G20910.1,NDH16G07450.1,1
NDH09G28670.1,NDH06G24850.1,1
NDH02G23840.1,NDH18G22860.1,1
NDH18G03350.1,NDH18G36530.2,1
NDH05G27650.1,NDH19G42860.1,1
NDH12G33860.1,NDH13G00110.1,1
NDH04G11880.1,NDH16G03960.1,1
NDH14G13270.1,NDH12G37140.1,1
NDH04G14840.1,NDH13G07960.2,1
NDH14G27500.1,NDH18G23560.1,1
NDH08G03950.1,NDH05G05600.7,1
NDH01G05980.1,NDH05G12070.1,1
NDH16G33960.1,NDH03G41800.5,1
NDH10G27180.5,NDH10G02450.1,1
NDH10G05010.1,NDH16G13210.7,1
NDH13G31930.1,NDH06G01000.4,1
NDH16G14050.3,NDH09G33790.1,1
NDH19G10320.1,NDH18G01610.1,1
NDH08G13590.1,NDH18G23560.1,1
NDH01G05740.1,NDH11G16440.1,1
NDH08G08300.1,NDH07G01030.1,1
NDH05G36550.1,NDH16G13670.1,1
NDH14G01520.1,NDH18G30150.1,1
NDH07G13050.3,NDH08G18660.1,1
NDH11G16860.1,NDH13G28250.1,1
NDH20G33600.1,NDH20G33600.1,1
NDH03G46000.1,NDH16G32250.1,1
NDH09G07340.3,NDH06G01000.2,1
NDH13G24020.1,NDH07G05230.1,1
NDH15G21730.1,NDH08G00140.3,1
NDH09G27160.1,NDH14G39600.1,1
NDH03G20940.2,NDH07G01030.1,1
NDH13G44210.2,NDH16G36860.2,1
NDH11G22570.1,NDH13G20720.1,1
NDH08G22560.1,NDH05G36720.1,1
Contig1G01680.1,NDH03G47260.1,1
NDH20G02600.3,NDH08G30820.1,1
NDH17G19750.1,NDH02G01340.1,1
NDH09G08500.1,NDH01G30880.4,1
NDH03G36280.1,NDH06G01000.4,1
NDH15G08680.1,NDH16G13210.7,1
NDH11G16440.1,NDH10G26030.2,1
NDH11G02360.2,NDH12G32470.2,1
NDH13G53270.1,NDH19G42700.1,1
NDH19G11720.1,NDH17G00330.1,1
NDH19G22790.1,NDH06G21290.1,1
NDH10G05290.1,NDH03G06090.1,1
NDH01G15250.1,NDH05G00110.1,1
NDH15G00850.1,NDH08G09340.1,1
NDH10G08171.1,NDH01G24800.1,1
NDH03G46300.1,NDH16G32860.1,1
NDH08G20140.1,NDH16G08940.1,1
NDH11G39020.1,NDH14G33840.2,1
NDH09G31780.1,NDH10G05010.1,1
NDH15G33600.1,NDH15G33600.1,1
NDH13G46640.1,NDH19G32660.1,1
NDH03G16030.1,NDH19G06930.1,1
NDH14G15970.1,NDH19G32040.1,1
NDH01G17540.1,NDH19G39120.2,1
NDH16G29310.1,NDH20G40570.1,1
NDH09G23440.1,Contig7G00141.2,1
NDH14G19370.1,NDH04G34980.1,1
NDH14G03760.1,NDH13G41210.1,1
NDH19G00100.1,NDH07G21640.5,1
NDH03G00490.1,NDH20G38120.1,1
NDH04G33861.1,NDH03G46690.1,1
NDH19G00780.1,NDH08G29520.1,1
NDH10G07250.1,NDH15G21740.1,1
NDH18G15570.2,NDH06G01000.3,1
NDH04G06230.1,NDH03G00240.1,1
NDH07G10800.1,NDH09G29850.1,1
NDH19G43260.1,NDH13G47030.1,1
NDH02G24460.1,NDH13G00110.1,1
NDH20G01220.1,NDH02G01340.1,1
NDH14G38910.1,NDH06G01000.3,1
NDH05G02600.5,NDH01G07750.1,1
NDH05G32800.2,NDH11G05380.1,1
NDH05G11390.1,NDH19G44630.1,1
NDH13G41290.1,NDH16G13210.7,1
NDH19G43260.1,NDH09G23440.1,1
NDH20G38110.1,NDH06G00990.4,1
NDH08G20140.1,NDH01G01590.1,1
NDH05G25620.1,NDH15G33320.1,1
NDH18G12460.1,NDH19G38290.4,1
NDH16G32860.1,NDH10G30320.1,1
NDH13G04580.1,NDH03G41400.1,1
NDH12G04200.1,NDH20G11090.1,1
NDH13G03460.1,NDH15G38460.2,1
NDH13G05760.1,NDH19G00780.1,1
NDH01G05710.1,NDH09G28360.2,1
NDH06G17790.1,NDH15G00850.1,1
NDH03G00780.1,NDH03G00780.1,1
NDH05G16960.1,NDH09G07580.1,1
NDH10G18160.1,NDH19G18430.1,1
NDH07G16570.1,NDH19G00100.1,1
NDH03G46300.1,NDH06G01020.1,1
NDH20G40970.1,NDH07G01030.1,1
NDH07G21870.1,NDH07G21870.1,1
NDH04G06230.1,NDH14G04390.2,1
NDH13G05760.1,NDH06G01460.1,1
NDH05G09100.1,NDH10G04860.1,1
NDH02G09340.1,NDH12G09920.2,1
NDH01G25700.2,NDH14G07420.2,1
NDH20G35180.2,NDH20G35180.2,1
NDH15G04020.1,NDH17G17990.1,1
NDH09G28150.1,NDH16G22890.1,1
NDH03G10010.1,NDH16G00180.1,1
NDH20G38120.1,NDH13G00110.1,1
NDH14G34420.1,NDH18G36820.1,1
NDH20G38110.1,NDH03G41290.1,1
NDH13G05080.2,NDH07G27300.1,1
NDH20G38120.1,NDH07G01030.1,1
NDH10G05010.1,NDH05G36900.2,1
NDH01G23670.1,NDH16G14030.4,1
NDH13G11520.1,NDH06G21290.1,1
NDH14G05020.1,NDH18G11320.1,1
NDH20G38110.1,NDH20G35640.1,1
NDH18G31580.1,NDH01G25300.1,1
NDH17G36830.1,NDH14G03920.1,1
NDH16G06530.1,NDH09G23440.1,1
NDH13G31930.1,NDH06G25290.5,1
NDH03G46300.1,NDH16G14030.4,1
NDH20G38110.1,NDH01G25490.1,1
NDH10G07600.1,NDH19G29390.1,1
NDH06G22330.1,NDH01G03500.1,1
NDH16G29810.1,NDH06G01020.1,1
NDH01G11390.1,NDH17G05430.1,1
NDH08G30901.1,NDH04G06230.1,1
NDH13G19340.1,NDH09G23440.1,1
NDH13G05950.1,NDH17G27570.1,1
NDH06G31130.1,NDH03G32920.1,1
NDH13G04560.1,NDH13G42340.2,1
NDH08G27430.1,NDH11G14510.1,1
NDH17G29950.1,NDH18G05460.1,1
NDH12G27820.1,NDH12G34101.1,1
NDH10G07600.1,NDH16G36420.1,1
NDH13G49480.1,NDH14G33840.2,1
NDH19G29577.1,NDH08G28540.1,1
NDH01G26960.1,NDH01G08610.4,1
NDH10G01530.1,NDH17G14660.1,1
NDH19G08780.1,NDH06G01020.1,1
NDH12G28000.1,NDH17G13770.1,1
NDH01G22950.1,NDH20G01050.1,1
NDH02G09440.1,NDH12G00840.1,1
NDH02G26550.1,NDH07G08910.1,1
NDH12G35010.1,NDH18G06750.1,1
NDH17G37450.2,NDH01G28870.1,1
NDH06G07310.1,NDH07G24580.1,1
NDH17G36170.1,NDH06G17790.1,1
NDH13G21330.1,NDH07G10000.1,1
NDH18G04020.1,NDH03G31360.1,1
NDH12G01970.1,NDH04G00380.1,1
NDH13G47060.1,NDH13G45860.1,1
NDH03G46600.1,NDH13G22260.1,1
NDH09G01980.1,NDH04G06230.1,1
NDH17G00330.1,NDH19G07930.1,1
NDH09G21740.1,NDH13G50170.1,1
NDH17G05220.2,NDH17G05220.2,1
NDH02G19300.1,NDH03G16030.1,1
NDH13G18131.1,NDH01G11760.1,1
NDH08G07600.5,NDH11G03260.1,1
NDH19G00260.1,NDH17G00460.3,1
NDH15G08680.1,NDH06G01000.3,1
NDH13G47790.1,NDH06G01000.4,1
NDH01G28800.1,NDH18G17890.2,1
NDH06G13030.2,NDH18G29670.3,1
NDH01G02420.2,NDH14G28780.1,1
NDH15G39190.1,NDH07G15540.3,1
NDH06G28500.1,NDH06G01020.1,1
NDH16G31570.1,NDH01G15262.1,1
NDH10G06660.2,NDH19G44630.1,1
NDH16G19020.1,NDH19G37400.1,1
NDH12G27830.1,NDH12G33030.1,1
NDH16G19020.1,NDH08G13080.1,1
NDH01G35650.1,NDH15G19860.1,1
NDH13G17880.1,NDH04G34980.2,1
NDH13G37530.1,NDH12G02120.1,1
NDH06G17790.1,NDH16G13210.7,1
NDH19G00970.1,NDH04G14760.1,1
NDH06G16230.1,NDH16G28900.1,1
NDH18G32130.1,NDH05G09350.2,1
NDH17G15720.1,NDH10G04190.1,1
NDH09G30080.1,NDH20G38110.1,1
NDH01G29780.1,NDH19G32460.1,1
NDH17G15310.2,NDH16G07450.1,1
NDH19G43260.1,NDH18G24100.1,1
NDH14G39080.1,NDH02G03980.3,1
NDH11G12140.1,NDH09G01980.1,1
NDH13G04660.1,NDH16G06030.1,1
NDH10G25150.1,NDH11G02540.1,1
NDH07G03980.1,NDH16G36420.1,1
NDH14G16820.1,NDH08G30820.1,1
NDH19G35680.4,NDH05G00210.1,1
NDH07G06480.1,NDH17G17300.1,1
NDH17G36830.1,NDH01G26920.1,1
NDH13G52881.1,NDH15G01560.1,1
NDH10G01730.1,NDH04G08641.1,1
NDH01G27510.1,NDH13G00110.1,1
NDH09G29850.1,NDH09G22100.1,1
NDH03G22600.1,NDH15G06950.1,1
NDH04G08690.1,NDH09G25210.1,1
NDH09G23440.1,NDH06G01020.1,1
NDH10G05110.1,NDH10G06760.1,1
NDH12G13670.1,NDH01G33890.2,1
NDH19G08780.1,NDH09G35210.1,1
NDH13G24020.1,NDH18G29720.1,1
NDH12G20740.1,NDH06G01000.3,1
NDH04G32400.1,NDH04G06230.1,1
NDH10G30330.1,NDH04G00670.3,1
NDH18G12680.1,NDH20G38120.1,1
NDH18G36050.1,NDH04G05460.1,1
NDH06G30510.1,NDH01G21810.1,1
NDH05G38450.1,NDH07G00260.1,1
NDH02G04720.1,NDH13G47550.1,1
NDH03G46300.1,NDH18G10880.1,1
NDH13G00800.2,NDH09G07930.1,1
NDH13G50970.1,NDH19G00450.1,1
NDH11G14870.1,NDH09G23440.1,1
NDH10G34580.3,NDH03G06300.1,1
NDH12G06620.1,NDH13G47660.2,1
NDH06G37860.1,NDH20G01050.1,1
NDH06G28390.1,NDH19G34820.1,1
NDH12G04300.1,NDH11G38410.2,1
NDH04G06230.1,NDH04G03470.2,1
NDH14G33250.1,NDH17G25530.6,1
NDH20G29590.1,NDH11G38160.1,1
NDH03G46300.1,NDH09G29820.1,1
NDH06G28840.1,NDH06G01000.3,1
NDH10G30330.1,NDH16G14050.3,1
NDH07G27970.1,NDH20G38120.1,1
NDH05G03930.1,NDH18G13300.1,1
NDH14G32110.1,NDH20G42730.1,1
NDH09G23440.1,NDH03G20920.1,1
NDH16G00520.1,NDH01G30090.3,1
NDH17G09180.1,NDH03G17060.1,1
NDH20G04990.1,NDH10G02810.1,1
NDH17G36830.1,NDH15G09490.1,1
NDH08G14630.3,NDH14G31720.1,1
NDH14G11310.4,NDH02G11311.1,1
NDH20G42400.1,NDH19G35080.1,1
NDH12G01850.1,NDH04G06230.1,1
NDH13G50170.1,NDH19G34250.1,1
NDH09G36020.1,NDH09G36020.1,1
NDH19G43260.1,NDH05G08510.1,1
NDH07G10840.1,NDH08G14840.1,1
NDH17G01290.1,NDH14G11400.1,1
NDH12G22930.1,NDH19G06410.1,1
NDH04G25140.1,NDH07G07120.1,1
NDH16G14050.3,NDH09G21330.1,1
NDH20G38110.1,NDH06G28710.1,1
NDH03G40170.1,NDH13G00110.1,1
NDH12G27000.1,NDH17G20590.1,1
NDH20G03440.1,NDH11G37730.1,1
NDH16G25480.1,NDH02G15670.1,1
NDH15G08680.1,NDH09G23440.1,1
NDH17G15720.1,NDH10G11530.2,1
NDH14G19680.1,NDH14G13270.1,1
NDH07G08340.2,NDH12G27920.1,1
NDH17G00960.2,NDH04G02630.1,1
NDH19G35080.1,NDH07G12180.1,1
NDH10G14130.1,NDH09G34430.1,1
NDH19G44280.2,NDH10G28610.3,1
NDH16G32860.1,NDH06G28840.1,1
NDH12G22100.1,NDH09G25210.1,1
NDH19G21260.3,NDH03G00490.1,1
NDH12G12770.1,NDH20G37180.3,1
NDH01G36720.1,NDH20G01050.1,1
NDH02G23010.1,NDH10G34490.1,1
NDH06G21290.1,NDH09G33410.1,1
NDH06G28840.1,NDH20G38700.2,1
NDH17G08860.1,NDH09G17320.1,1
NDH18G10880.1,NDH17G37820.1,1
NDH13G53310.1,NDH13G05820.1,1
NDH05G30640.1,NDH05G30640.1,1
NDH03G02710.1,NDH08G14700.1,1
NDH10G04610.1,NDH12G25890.1,1
NDH15G10030.4,NDH07G08340.2,1
NDH19G34910.1,NDH19G43870.1,1
NDH18G32240.2,NDH20G38480.1,1
NDH09G21500.1,NDH18G15570.2,1
NDH08G13080.1,NDH07G02320.3,1
NDH09G36020.1,NDH16G13830.1,1
NDH03G20010.1,NDH19G34250.1,1
NDH09G23440.1,NDH05G05090.1,1
NDH07G05100.1,NDH15G39620.1,1
NDH13G41290.1,NDH05G04720.1,1
NDH05G04720.1,NDH05G04720.1,1
NDH16G06520.1,NDH20G05660.1,1
NDH13G18131.1,NDH06G21290.1,1
NDH09G30550.1,NDH16G28750.1,1
NDH17G00060.3,NDH05G04720.1,1
NDH12G02120.1,NDH20G00010.1,1
NDH05G28220.1,NDH20G33620.1,1
NDH07G08340.2,NDH10G30320.1,1
NDH14G34420.1,NDH08G29840.1,1
Contig11G00070.1,NDH05G00110.1,1
NDH18G03590.3,NDH14G03600.2,1
NDH17G06120.1,NDH07G12400.1,1
NDH13G05080.1,NDH05G39540.1,1
NDH16G35290.1,NDH09G23440.1,1
NDH20G40970.1,NDH19G43660.1,1
NDH01G33010.1,NDH18G10790.1,1
NDH20G08000.1,NDH13G37200.2,1
NDH14G29290.1,NDH02G17890.1,1
NDH08G13080.1,NDH05G00210.1,1
NDH13G16740.1,NDH11G36270.1,1
NDH14G31760.1,NDH06G28840.1,1
NDH09G01650.1,NDH07G01030.1,1
NDH18G10880.1,NDH17G25900.1,1
NDH14G01390.1,NDH14G22050.1,1
NDH15G00850.1,NDH05G16940.1,1
NDH16G33630.3,NDH08G01100.1,1
NDH01G32240.1,NDH18G10880.1,1
NDH08G18890.1,NDH08G09200.1,1
NDH03G48230.1,NDH16G14030.4,1
NDH07G08970.3,NDH20G36370.1,1
NDH12G16360.1,NDH09G03410.1,1
NDH06G01000.1,NDH04G32640.1,1
NDH06G26580.1,NDH03G30960.1,1
NDH01G29341.1,NDH16G12550.1,1
NDH08G20680.1,NDH16G14030.6,1
NDH13G51000.1,NDH05G04410.1,1
NDH09G35890.4,NDH04G34610.1,1
NDH01G05740.1,NDH15G32730.3,1
NDH15G25710.1,NDH06G06530.1,1
NDH02G01120.1,NDH07G08340.2,1
NDH19G00780.1,NDH12G35910.1,1
NDH04G02680.1,NDH14G33920.2,1
NDH19G43260.1,NDH10G10930.2,1
NDH05G01060.1,NDH20G08330.1,1
NDH06G02600.1,NDH11G37620.1,1
NDH16G13830.1,NDH09G17320.1,1
NDH15G24730.1,NDH13G19780.2,1
NDH14G01590.3,NDH05G03870.1,1
NDH05G07790.1,NDH05G04720.1,1
NDH06G01530.1,NDH06G07080.1,1
NDH01G14950.1,NDH05G37640.1,1
NDH19G44000.15,NDH19G35680.3,1
NDH17G36940.1,NDH03G35590.1,1
NDH13G34300.3,NDH16G07350.1,1
NDH08G19470.2,NDH13G00170.1,1
NDH16G14050.1,NDH03G10180.1,1
NDH18G35830.1,NDH17G12110.1,1
NDH19G43260.1,NDH09G36210.1,1
NDH15G24730.1,NDH03G41190.1,1
NDH11G02470.1,NDH14G10340.1,1
NDH19G11720.1,NDH05G02900.2,1
NDH19G41930.1,NDH03G47970.1,1
NDH17G00990.1,NDH16G13210.1,1
NDH14G26090.1,NDH06G01000.3,1
NDH01G23720.1,NDH11G33860.1,1
NDH01G22990.1,NDH09G23440.1,1
NDH03G45340.1,NDH14G03730.1,1
NDH06G01000.4,NDH09G23440.1,1
NDH03G43100.1,NDH18G10880.1,1
NDH19G34820.1,NDH06G01000.3,1
NDH08G17780.1,NDH08G20110.1,1
NDH20G38120.1,NDH16G32270.1,1
NDH06G01530.1,NDH14G32740.1,1
NDH03G15630.1,NDH19G37400.1,1
NDH19G37040.1,NDH08G06870.2,1
NDH14G36891.1,NDH09G25210.1,1
NDH18G31770.3,NDH10G30320.1,1
NDH16G40020.1,NDH05G39940.1,1
NDH03G38120.1,NDH17G03870.2,1
NDH16G14030.5,NDH05G24030.1,1
NDH15G01210.1,NDH09G23440.1,1
NDH06G01000.1,NDH06G01000.3,1
NDH10G05010.1,NDH09G23440.1,1
NDH14G07340.1,NDH19G31750.1,1
NDH07G07030.1,NDH07G08970.3,1
NDH19G35220.1,NDH11G25360.1,1
NDH18G16010.2,NDH11G17710.1,1
NDH06G18370.1,NDH04G04290.2,1
NDH04G31580.1,NDH02G16130.2,1
NDH04G29500.2,NDH03G00740.1,1
NDH15G36630.1,NDH06G01020.1,1
NDH20G07200.1,NDH06G17790.1,1
NDH17G36830.1,NDH03G36670.1,1
NDH08G29740.2,NDH06G01020.1,1
NDH16G36430.1,NDH06G14780.1,1
NDH16G06070.1,NDH03G41400.1,1
NDH20G05010.1,NDH08G21150.1,1
NDH07G08340.2,NDH06G21290.1,1
NDH09G36210.1,NDH09G36210.1,1
NDH07G26730.1,NDH03G17060.1,1
NDH11G02470.1,NDH05G14970.1,1
NDH06G30050.2,NDH08G19110.1,1
NDH06G01000.1,NDH13G44810.1,1
NDH13G47550.1,NDH12G35010.1,1
NDH06G01020.1,NDH18G30270.1,1
NDH13G25490.1,NDH06G01530.1,1
NDH18G22660.1,NDH17G11770.1,1
NDH17G28670.1,NDH17G28670.3,1
NDH17G28940.2,NDH11G31490.1,1
NDH12G22400.1,NDH09G29850.1,1
NDH04G01070.1,NDH09G25210.1,1
NDH16G14030.4,NDH19G18580.1,1
NDH11G02470.1,NDH10G32380.1,1
NDH19G27930.1,NDH17G36210.1,1
NDH04G18360.1,NDH08G20140.1,1
NDH15G36630.1,NDH11G17950.3,1
NDH03G47770.3,NDH12G30630.1,1
NDH09G36020.1,NDH20G40570.1,1
NDH03G43100.1,NDH09G23440.1,1
NDH20G12600.1,NDH07G08340.2,1
NDH03G10090.1,NDH19G17470.1,1
NDH02G25100.1,NDH09G23440.1,1
NDH17G24780.1,NDH10G31460.1,1
NDH20G14370.1,NDH08G16550.1,1
NDH03G36740.1,NDH06G27630.1,1
NDH05G07820.1,NDH17G05460.1,1
NDH07G26170.2,NDH14G10180.1,1
NDH16G24840.1,NDH03G37990.2,1
NDH11G38530.1,NDH07G00590.2,1
NDH08G28020.1,NDH13G41210.1,1
NDH13G47260.3,NDH03G48200.1,1
NDH08G10960.1,NDH06G09180.1,1
NDH07G00440.1,NDH04G26480.2,1
NDH15G24730.1,NDH11G32460.1,1
NDH20G38120.1,NDH13G42340.1,1
NDH08G21240.1,NDH08G26780.1,1
NDH18G15110.3,NDH20G40570.1,1
NDH07G07640.1,NDH03G01360.1,1
NDH15G34840.2,NDH16G36420.1,1
NDH10G02600.1,NDH06G00990.4,1
NDH10G17310.1,NDH13G16360.1,1
NDH07G08340.1,NDH06G00990.4,1
NDH05G00110.1,NDH11G39400.1,1
NDH17G25900.1,NDH04G22380.3,1
NDH03G47950.2,NDH20G16680.1,1
NDH20G00420.1,NDH07G21250.1,1
NDH06G15260.1,NDH17G29900.1,1
NDH05G06390.1,NDH19G06410.1,1
NDH18G03700.1,NDH06G01020.1,1
NDH06G01530.1,NDH02G09290.1,1
NDH17G23900.2,NDH09G23160.1,1
NDH19G11720.1,NDH03G43750.1,1
NDH09G07410.1,NDH20G38110.1,1
NDH19G24860.1,NDH06G01000.3,1
NDH10G05020.1,NDH07G13960.1,1
NDH07G03270.1,NDH05G00110.1,1
NDH06G22600.1,NDH13G13900.4,1
NDH08G28360.1,NDH11G35680.1,1
NDH13G31930.1,NDH10G04610.1,1
NDH19G11720.1,NDH04G06230.1,1
NDH02G04570.1,NDH03G47200.1,1
NDH18G24100.1,NDH19G00780.1,1
NDH13G05640.1,NDH10G31460.1,1
NDH15G08800.1,NDH13G28250.1,1
NDH20G29270.1,NDH15G08680.1,1
NDH15G04430.1,NDH08G04210.1,1
NDH12G37200.1,NDH13G00110.1,1
NDH16G19020.2,NDH18G13790.1,1
NDH14G38910.1,NDH02G05750.1,1
NDH19G35080.1,NDH07G19740.1,1
NDH04G00890.1,NDH14G03620.2,1
NDH05G39540.1,NDH07G08340.2,1
NDH19G11720.1,NDH09G28660.1,1
NDH09G08980.1,NDH14G40290.1,1
NDH13G51720.1,NDH01G33000.1,1
NDH19G32040.1,NDH04G29410.1,1
NDH19G34530.1,NDH09G17320.1,1
NDH02G19150.1,NDH03G35750.1,1
NDH16G13400.5,NDH19G42290.1,1
NDH16G09820.1,NDH01G03850.2,1
NDH17G19750.1,NDH06G01000.3,1
NDH20G17340.1,NDH07G07120.1,1
NDH01G24780.1,NDH01G15270.1,1
NDH04G34000.1,NDH14G15430.1,1
NDH09G29490.1,NDH14G36891.1,1
NDH08G07690.2,NDH11G08560.1,1
NDH14G38910.1,NDH05G05600.7,1
NDH07G08340.2,NDH13G36990.1,1
NDH13G04560.1,NDH12G35181.1,1
NDH03G46300.1,NDH20G08730.1,1
NDH05G39540.1,NDH19G22790.1,1
NDH20G38120.1,NDH13G05680.1,1
Contig1G00390.1,NDH15G02210.3,1
NDH13G05421.1,NDH10G07600.1,1
NDH13G39510.1,NDH10G29500.1,1
NDH18G10880.1,NDH04G27240.1,1
NDH18G15340.1,NDH20G38110.1,1
NDH12G04300.1,NDH07G12720.1,1
NDH18G10880.1,NDH18G18360.1,1
NDH13G16740.1,NDH05G33460.1,1
NDH19G35080.1,NDH09G23440.1,1
NDH04G31710.1,NDH18G17370.3,1
NDH18G20620.1,NDH06G01000.4,1
NDH05G00860.2,NDH16G14030.4,1
NDH13G06790.1,NDH17G02340.1,1
NDH08G09200.1,NDH08G09340.1,1
NDH09G08500.1,NDH10G29790.2,1
NDH11G24670.1,NDH11G33800.2,1
NDH07G04190.2,NDH05G04600.1,1
NDH17G36830.1,NDH18G22860.1,1
NDH05G39540.1,NDH08G12060.1,1
NDH18G36030.1,NDH08G20140.1,1
NDH16G07430.1,NDH09G23440.1,1
NDH12G35250.1,Contig1G01280.1,1
NDH14G07420.2,NDH20G17080.1,1
NDH05G21531.1,NDH10G07600.1,1
NDH20G38120.1,NDH06G01000.3,1
NDH13G04580.1,NDH06G21290.1,1
NDH17G17790.2,NDH03G37990.2,1
NDH19G15890.1,NDH03G29623.1,1
NDH07G12400.1,NDH16G29010.1,1
NDH07G08340.2,NDH01G22990.1,1
NDH17G37450.2,NDH11G34900.1,1
NDH15G00850.1,NDH13G44820.1,1
NDH04G03990.1,NDH08G02150.4,1
NDH17G31340.1,NDH12G05580.3,1
NDH15G23030.1,NDH19G17650.2,1
NDH10G05010.1,NDH06G07100.1,1
NDH09G23440.1,NDH04G29380.1,1
NDH20G21960.1,NDH16G36420.1,1
NDH09G30750.1,NDH15G33600.1,1
NDH04G29380.1,NDH06G12120.1,1
NDH01G26400.1,NDH07G21870.1,1
NDH20G38110.1,NDH06G01000.3,1
NDH18G10880.1,NDH09G04950.2,1
NDH13G45780.1,NDH20G06730.1,1
NDH17G25470.1,NDH19G34160.1,1
NDH04G18070.1,NDH15G17380.1,1
NDH17G25660.3,NDH08G13080.1,1
NDH15G34840.1,NDH03G04930.1,1
NDH20G08330.1,NDH11G33800.2,1
NDH09G28270.1,NDH06G01020.1,1
NDH06G28840.1,NDH04G26890.1,1
NDH18G05440.1,NDH06G21290.1,1
NDH14G05330.1,NDH19G04920.3,1
NDH16G32860.1,NDH20G38110.1,1
NDH20G01560.1,NDH13G41210.1,1
NDH03G46300.1,NDH08G11670.1,1
NDH20G30390.1,NDH07G05140.1,1
NDH08G13080.1,NDH03G00290.1,1
NDH10G30320.1,NDH03G03170.1,1
NDH19G37400.1,NDH14G38910.1,1
NDH15G39940.2,NDH17G19060.1,1
NDH20G31490.2,NDH18G07100.2,1
NDH11G10370.1,NDH08G29450.7,1
NDH10G08171.1,Contig1G01280.1,1
NDH16G07450.1,NDH16G07640.1,1
NDH19G15250.1,NDH03G35750.1,1
NDH03G37990.2,NDH03G30140.1,1
NDH20G38110.1,NDH06G01000.4,1
NDH07G08340.2,NDH01G31300.2,1
NDH03G23890.1,NDH05G07490.1,1
NDH19G08780.1,NDH19G35680.2,1
NDH13G36150.2,NDH07G22000.1,1
NDH09G36330.1,NDH10G16400.1,1
NDH08G20140.1,NDH13G18640.1,1
NDH17G01780.2,NDH08G20110.1,1
NDH16G32860.1,NDH11G11050.1,1
NDH09G03860.1,NDH06G01000.4,1
NDH20G07610.1,NDH06G03270.1,1
NDH06G28840.1,NDH11G08110.1,1
NDH16G02810.1,NDH06G01000.3,1
NDH03G46390.1,NDH16G14030.4,1
NDH16G23460.1,NDH17G00330.1,1
NDH12G35250.1,NDH07G27960.2,1
NDH20G42060.1,NDH16G14030.4,1
NDH06G15751.1,NDH13G27651.3,1
Contig1G00580.1,NDH06G13810.2,1
NDH02G09100.1,NDH01G22990.1,1
NDH03G29302.1,NDH06G01020.1,1
NDH17G36830.1,NDH10G12030.2,1
NDH15G16510.1,NDH07G00310.3,1
NDH13G13360.1,NDH04G03470.2,1
NDH06G08770.1,NDH05G17010.1,1
NDH05G32800.2,NDH11G26240.1,1
NDH07G05100.1,NDH17G20860.3,1
NDH18G32850.1,NDH15G06111.1,1
NDH08G09340.1,NDH15G37290.1,1
NDH13G26280.1,NDH19G34730.1,1
NDH09G36020.1,NDH13G34420.1,1
NDH01G26960.1,NDH01G20730.1,1
NDH19G28080.2,NDH13G00170.1,1
NDH03G14720.1,NDH08G16190.1,1
NDH05G30420.1,NDH06G01020.1,1
NDH12G35010.1,NDH03G23890.1,1
NDH05G39540.1,NDH03G00950.1,1
NDH13G36350.1,NDH20G01660.1,1
NDH13G00870.1,NDH02G06760.1,1
Contig1G01450.1,NDH09G36020.1,1
NDH03G34830.1,NDH19G41010.1,1
NDH10G05010.1,NDH19G43720.1,1
NDH11G10970.1,NDH17G03380.1,1
NDH04G33861.1,NDH20G35800.1,1
NDH20G10270.1,NDH20G08330.1,1
NDH10G06190.2,NDH08G20140.1,1
NDH16G36400.1,NDH03G45470.1,1
NDH12G04400.1,NDH16G25900.1,1
NDH19G33080.1,NDH02G22080.1,1
NDH06G06570.1,NDH14G25740.1,1
NDH09G24830.2,NDH11G16440.1,1
Contig1G01280.1,NDH09G00650.1,1
NDH08G20160.1,NDH17G22330.1,1
NDH17G25660.3,NDH03G03500.2,1
NDH04G06230.1,NDH19G00400.1,1
NDH20G38620.2,NDH06G06820.1,1
NDH14G14010.3,NDH06G03270.1,1
NDH03G38670.1,NDH16G22970.1,1
NDH13G05760.1,NDH07G10800.1,1
NDH18G35290.1,NDH06G01000.3,1
NDH13G42340.1,NDH20G28591.2,1
NDH06G28550.1,NDH16G25480.1,1
NDH04G29880.1,NDH10G18680.1,1
NDH15G00990.2,NDH14G07420.2,1
NDH04G27800.1,NDH11G29140.1,1
NDH12G22100.1,NDH07G06130.1,1
NDH17G27570.1,NDH14G00220.1,1
NDH03G00780.1,NDH20G03440.1,1
NDH10G12030.2,NDH16G07100.1,1
NDH09G28150.1,NDH05G05130.1,1
NDH01G37100.1,NDH08G07690.2,1
NDH15G39620.1,NDH06G21290.1,1
NDH05G01720.2,NDH01G31131.1,1
NDH11G36030.1,NDH14G12430.1,1
NDH19G40220.1,NDH15G33600.1,1
NDH13G04660.1,NDH03G30140.1,1
NDH07G19750.1,NDH19G19030.1,1
NDH03G08780.1,NDH04G06230.1,1
NDH14G32420.1,NDH02G09290.1,1
NDH07G23700.1,NDH16G02990.2,1
NDH07G13960.1,NDH20G23160.2,1
NDH06G04970.1,NDH16G09180.1,1
NDH06G11570.1,NDH10G30330.1,1
NDH20G08330.1,NDH08G20140.1,1
NDH10G26430.1,NDH07G06470.1,1
NDH20G01050.1,NDH20G43200.2,1
NDH17G35350.1,NDH17G35350.1,1
NDH13G05880.1,NDH19G22790.1,1
NDH03G43830.1,NDH14G38870.1,1
NDH09G30660.1,NDH17G33220.1,1
NDH10G27840.1,NDH20G38110.1,1
NDH14G07420.2,NDH06G34380.1,1
NDH03G14200.1,NDH07G16550.1,1
NDH16G36420.1,NDH05G04530.1,1
NDH15G39190.1,NDH10G19870.1,1
NDH05G01090.1,NDH07G03720.1,1
NDH07G08340.2,NDH16G26830.1,1
NDH05G38360.1,NDH13G14450.1,1
NDH16G36420.1,NDH09G23440.1,1
NDH16G00520.1,NDH14G07340.1,1
NDH06G38220.1,NDH03G16110.1,1
NDH13G39510.1,NDH01G19810.1,1
NDH08G09200.1,NDH01G02500.1,1
NDH12G35010.1,NDH16G13210.7,1
NDH16G19020.2,NDH20G38110.1,1
NDH17G05220.2,NDH09G36020.4,1
NDH05G39540.3,NDH19G35440.1,1
NDH19G43260.1,NDH13G21330.1,1
NDH18G08730.1,NDH09G31510.1,1
NDH11G22060.1,NDH17G27720.2,1
NDH17G00600.1,NDH10G30320.1,1
NDH02G19150.1,NDH13G22500.1,1
NDH12G02120.1,NDH15G06170.1,1
NDH03G46300.1,NDH19G13890.1,1
NDH02G06920.1,NDH01G26950.1,1
NDH19G00320.1,NDH14G12430.1,1
NDH14G33250.1,NDH01G15250.1,1
NDH06G21670.1,NDH11G38930.1,1
NDH10G03010.1,NDH09G28660.1,1
NDH01G32170.1,NDH05G28950.2,1
NDH20G33670.1,NDH07G06470.1,1
NDH20G07610.1,NDH20G31350.1,1
NDH11G15770.1,NDH14G03600.1,1
NDH05G39540.1,NDH09G27420.2,1
NDH12G16710.1,NDH06G06230.1,1
NDH07G13960.1,NDH16G04510.1,1
NDH11G00170.1,NDH14G12430.1,1
NDH06G25840.2,NDH20G40570.1,1
NDH17G36830.1,NDH14G40050.1,1
NDH16G30590.1,NDH10G04610.1,1
NDH15G27470.1,NDH20G08000.1,1
NDH05G39540.3,NDH07G27330.1,1
NDH06G17790.1,NDH16G14030.4,1
NDH14G12430.1,NDH03G23040.1,1
NDH03G00290.1,NDH18G10880.1,1
NDH20G33670.1,NDH06G20440.1,1
NDH02G06140.1,NDH11G08980.2,1
NDH08G09200.1,NDH12G02050.1,1
NDH13G37980.1,NDH08G20110.1,1
NDH16G07450.1,NDH07G07380.1,1
NDH04G06230.1,NDH05G04720.1,1
NDH19G42470.7,NDH05G01040.3,1
NDH06G37220.1,NDH03G46690.1,1
NDH07G25830.1,NDH19G07390.2,1
NDH19G17460.1,NDH20G02871.1,1
NDH12G00420.4,NDH03G41400.1,1
NDH17G35350.1,NDH16G10220.1,1
NDH10G21010.1,NDH14G32930.1,1
NDH19G07590.1,NDH03G36670.1,1
NDH02G28980.1,NDH20G39350.1,1
NDH14G37670.1,NDH06G01000.4,1
NDH15G30460.3,NDH18G05060.1,1
NDH19G39120.2,NDH18G15590.1,1
NDH09G17320.1,NDH06G13390.1,1
NDH06G00100.1,NDH19G06430.2,1
NDH03G46390.1,NDH14G12430.1,1
NDH20G38110.1,NDH13G23430.1,1
NDH14G31720.1,NDH16G13210.1,1
NDH14G38910.1,NDH04G02860.1,1
NDH13G42340.2,NDH15G06170.1,1
NDH15G39620.1,NDH05G00110.1,1
NDH16G36420.1,NDH13G43270.1,1
NDH19G00780.1,NDH12G36770.3,1
NDH11G28210.1,NDH06G21290.1,1
NDH19G21260.3,NDH15G00400.2,1
NDH15G28630.1,NDH20G42740.1,1
NDH04G15290.1,NDH13G50590.1,1
NDH14G36891.1,NDH18G30700.1,1
NDH16G36420.1,NDH12G11420.1,1
NDH09G22900.1,NDH12G20740.1,1
NDH05G33360.1,NDH06G07080.1,1
NDH17G36830.1,NDH13G36770.1,1
NDH09G36370.1,NDH16G13210.7,1
NDH13G17070.1,NDH19G34160.1,1
NDH16G32860.1,NDH06G01000.3,1
NDH17G16090.1,NDH15G13160.1,1
NDH05G24740.1,NDH02G24430.1,1
NDH02G24430.1,NDH05G39990.1,1
NDH11G19570.3,NDH08G18660.1,1
NDH08G13080.1,NDH19G31750.2,1
NDH04G29880.1,NDH01G22690.2,1
NDH16G07450.1,NDH19G41130.2,1
NDH10G31460.1,NDH19G02820.1,1
NDH20G38110.1,NDH09G34270.2,1
NDH08G26270.1,NDH01G05980.1,1
NDH06G15751.1,NDH06G10510.1,1
NDH10G07591.1,NDH13G08310.1,1
NDH18G05060.1,NDH20G17610.1,1
NDH12G01970.1,NDH14G38770.1,1
NDH04G06230.1,NDH08G21530.1,1
NDH08G13870.1,NDH14G06310.1,1
NDH20G08000.1,NDH08G16600.1,1
NDH10G22950.1,NDH09G20290.1,1
NDH10G05010.1,NDH03G06460.1,1
NDH16G01310.1,NDH16G14030.4,1
NDH14G07420.2,NDH06G09640.1,1
NDH16G08830.1,NDH03G36670.1,1
NDH08G20140.1,NDH20G20390.1,1
NDH12G02120.1,NDH13G41210.1,1
NDH17G01040.1,NDH05G28150.1,1
NDH12G16710.1,NDH10G22370.1,1
NDH10G16350.1,NDH06G01000.3,1
NDH09G34430.1,NDH01G31000.1,1
NDH01G23530.1,NDH18G24950.1,1
NDH09G23440.1,NDH14G26510.1,1
NDH06G28840.1,NDH09G36020.1,1
NDH13G18380.1,NDH10G30320.1,1
NDH15G08680.1,NDH01G30000.1,1
NDH07G12380.1,NDH10G05280.1,1
NDH08G09200.1,NDH08G20140.1,1
NDH12G35910.1,NDH19G42610.2,1
NDH19G42950.1,NDH06G01000.3,1
NDH01G27390.1,NDH10G19690.1,1
NDH07G06670.1,Contig11G00070.1,1
NDH07G08340.2,NDH04G06230.1,1
NDH19G35080.1,NDH18G02240.3,1
NDH01G31130.2,NDH05G15780.1,1
NDH11G33860.1,NDH16G14030.4,1
NDH02G26340.1,NDH09G23440.1,1
NDH12G12370.2,NDH14G07420.2,1
NDH14G00340.1,NDH18G09400.1,1
NDH17G32150.2,NDH14G38680.1,1
NDH11G36090.2,NDH16G06530.1,1
NDH12G37040.2,NDH10G30320.1,1
NDH15G00850.1,NDH09G06590.1,1
NDH01G27800.1,NDH15G38900.1,1
NDH14G13270.1,NDH13G13800.1,1
NDH04G06230.1,NDH13G45980.1,1
NDH20G33730.1,NDH03G41190.1,1
NDH17G25900.1,NDH06G09880.1,1
NDH06G18000.1,NDH02G24430.1,1
NDH14G07160.1,NDH04G29380.1,1
NDH03G46300.1,NDH14G05660.2,1
NDH03G18310.1,NDH13G50660.1,1
NDH07G04190.2,NDH03G18140.1,1
NDH09G07800.1,NDH14G07420.2,1
NDH13G52070.1,NDH06G21290.1,1
NDH01G04740.1,NDH10G04610.1,1
NDH11G22451.1,NDH06G01000.3,1
NDH01G27800.1,NDH16G14030.4,1
Contig1G01280.1,NDH05G34090.4,1
NDH14G31720.1,NDH04G33861.1,1
NDH11G10370.1,NDH05G17580.2,1
NDH05G39540.1,NDH09G23440.1,1
NDH02G24460.1,NDH20G09640.1,1
NDH01G33010.1,NDH15G28061.1,1
NDH04G10160.1,NDH12G32460.1,1
NDH01G27800.1,NDH13G02850.1,1
NDH20G42060.1,NDH16G13210.1,1
NDH14G07420.2,NDH16G14030.4,1
NDH16G30090.1,NDH17G36830.1,1
NDH07G12400.1,NDH12G07390.2,1
NDH08G13080.1,NDH13G41261.1,1
NDH11G15670.1,NDH14G04390.2,1
NDH05G18210.1,NDH14G09790.1,1
NDH16G17410.1,NDH04G27800.1,1
NDH19G43260.1,NDH03G37260.1,1
NDH02G23820.2,NDH07G27500.1,1
NDH06G17790.1,NDH20G38120.1,1
Contig1G01280.1,NDH18G10860.1,1
NDH01G35790.1,NDH18G26800.1,1
NDH06G18000.1,NDH13G23660.1,1
NDH02G24460.1,NDH10G32450.3,1
NDH09G23440.1,NDH16G16240.1,1
NDH19G35080.1,NDH03G37870.1,1
NDH15G09350.1,NDH09G30140.1,1
NDH10G07180.1,NDH01G02390.1,1
NDH09G08500.1,NDH01G20730.1,1
NDH06G37170.1,NDH06G01020.1,1
NDH01G32170.1,NDH14G08010.1,1
NDH01G12750.1,NDH07G12180.1,1
NDH10G30330.1,NDH09G29730.1,1
NDH06G21290.1,NDH01G00740.1,1
NDH13G28920.2,NDH17G21150.2,1
NDH09G23440.1,NDH17G36830.1,1
NDH09G08500.1,NDH04G13670.1,1
NDH18G32130.1,NDH10G06760.1,1
NDH09G14780.1,NDH17G07900.1,1
NDH10G11770.1,Contig1G00250.1,1
NDH15G08680.1,NDH20G11081.1,1
NDH11G10370.1,NDH20G40570.1,1
NDH08G29480.1,NDH09G36040.1,1
NDH01G34360.1,NDH05G03760.1,1
NDH12G16260.1,NDH20G00320.4,1
NDH10G30330.1,NDH06G35000.1,1
NDH13G54660.2,NDH20G38110.1,1
NDH18G06870.1,NDH19G15610.1,1
NDH08G07690.2,NDH16G13210.6,1
NDH10G02470.1,NDH06G21290.1,1
NDH20G07610.1,NDH13G01150.1,1
NDH12G35010.1,NDH01G29180.1,1
NDH06G11110.3,NDH06G01000.2,1
NDH18G18000.1,NDH13G23660.1,1
NDH15G38600.1,NDH14G13890.1,1
NDH16G09160.1,NDH17G35280.1,1
NDH09G31840.4,NDH13G38110.1,1
NDH13G47010.1,NDH19G20690.2,1
NDH08G20140.1,Contig7G00141.2,1
NDH05G02600.5,NDH11G00570.2,1
NDH06G15751.1,NDH18G14350.1,1
NDH19G00270.1,NDH13G01150.1,1
NDH19G35080.1,NDH19G35080.1,1
NDH03G43360.2,NDH20G07610.1,1
NDH04G29880.1,NDH15G33590.1,1
NDH05G33360.1,NDH18G24950.1,1
NDH07G05100.1,NDH03G46690.1,1
NDH19G42290.1,NDH12G26830.1,1
NDH05G39540.1,NDH20G26360.1,1
NDH16G28880.1,NDH16G32860.1,1
NDH06G15751.1,NDH07G26970.1,1
NDH17G27570.1,NDH13G00170.1,1
NDH13G14190.1,NDH18G10860.1,1
NDH15G03780.1,NDH11G26950.2,1
NDH13G09730.1,NDH14G10620.1,1
NDH12G33560.1,NDH19G26040.1,1
NDH18G10880.1,NDH07G01030.1,1
NDH13G05760.1,NDH13G41210.1,1
NDH19G29573.1,NDH10G30320.1,1
NDH09G32460.1,NDH11G02360.2,1
NDH10G30330.1,NDH06G26440.1,1
NDH01G34820.1,NDH13G45090.1,1
NDH19G35080.1,NDH12G36540.1,1
NDH16G38870.1,NDH11G02360.2,1
NDH04G33861.1,NDH13G18131.1,1
NDH13G44080.1,NDH08G09200.1,1
NDH05G25540.1,NDH19G01730.1,1
NDH06G21290.1,NDH06G22240.1,1
NDH20G40270.1,NDH13G45190.2,1
NDH09G36330.1,NDH04G33231.1,1
NDH18G34180.1,NDH05G39990.1,1
NDH20G25710.1,NDH16G36420.1,1
NDH14G23010.1,NDH18G36530.2,1
NDH13G18131.1,NDH11G02360.2,1
NDH19G22790.1,NDH11G31610.1,1
NDH17G27570.1,NDH06G35090.2,1
NDH14G07420.2,NDH13G34710.1,1
NDH13G25490.1,NDH14G40040.1,1
NDH13G31930.1,NDH11G36540.2,1
NDH06G35641.1,NDH17G05630.1,1
NDH19G38140.1,NDH08G30820.1,1
NDH10G02470.1,NDH03G40010.4,1
NDH13G04680.1,NDH10G19120.12,1
NDH16G07450.1,NDH20G31490.2,1
NDH01G07750.1,NDH06G21290.1,1
NDH11G22451.1,NDH06G01000.4,1
NDH15G28630.1,NDH07G06470.1,1
NDH16G16490.1,NDH11G06840.1,1
NDH02G24640.1,NDH14G08500.1,1
NDH06G30210.1,NDH19G12060.1,1
NDH18G10880.1,NDH14G07420.2,1
NDH04G22040.1,NDH17G27570.1,1
NDH04G18070.1,NDH10G26310.1,1
NDH15G07160.1,NDH06G27260.1,1
NDH05G39540.1,NDH09G36020.1,1
NDH10G30330.1,NDH13G17870.1,1
NDH17G33220.1,NDH16G06030.2,1
NDH01G34640.1,NDH06G21290.1,1
NDH01G36510.2,NDH09G23440.1,1
NDH11G38910.1,NDH14G06561.1,1
NDH06G11610.1,NDH02G06920.1,1
NDH10G05010.1,NDH18G00360.1,1
NDH08G09200.1,NDH14G04640.1,1
NDH19G43260.1,NDH06G28840.1,1
NDH13G08370.1,NDH15G15890.1,1
NDH03G46700.1,NDH20G05780.1,1
NDH01G25850.1,NDH03G15140.1,1
NDH19G37400.1,NDH09G00770.1,1
NDH06G15751.1,NDH09G06590.1,1
NDH16G13960.1,NDH15G33600.1,1
NDH19G37400.1,NDH10G15910.1,1
NDH14G08760.2,NDH06G28840.1,1
NDH15G17400.1,NDH04G33861.1,1
NDH01G23500.1,NDH18G28100.1,1
NDH15G32140.1,NDH03G31670.1,1
NDH10G05290.1,NDH13G05290.1,1
NDH10G34490.1,NDH19G28610.1,1
NDH04G32400.1,NDH10G04610.1,1
NDH16G18800.1,NDH09G23440.1,1
NDH18G14350.1,NDH12G36090.2,1
NDH16G02040.1,NDH20G08000.1,1
NDH06G36990.2,NDH20G06310.1,1
NDH14G33850.1,NDH18G10880.1,1
NDH10G05010.1,NDH14G07420.2,1
NDH19G10460.1,NDH08G28400.1,1
NDH09G28360.12,NDH15G00990.2,1
NDH13G08490.2,NDH17G05630.1,1
NDH03G14980.1,NDH03G27680.3,1
NDH07G08340.2,NDH07G27960.2,1
NDH20G08330.1,NDH17G36830.1,1
NDH16G19020.1,NDH14G04640.1,1
NDH03G11710.3,NDH20G38120.1,1
NDH15G00180.1,NDH16G13210.7,1
NDH08G22500.1,NDH16G06660.1,1
NDH06G07321.1,NDH09G25210.1,1
NDH13G05760.1,NDH11G11720.1,1
NDH10G32790.1,NDH02G01400.1,1
NDH03G25370.1,NDH09G03480.1,1
NDH09G21930.1,NDH09G21930.1,1
NDH05G03350.1,NDH16G39060.1,1
NDH19G16780.1,Contig1G01280.1,1
NDH19G04270.1,NDH15G04290.3,1
NDH12G28000.1,NDH16G06520.1,1
NDH02G01340.1,NDH20G05820.1,1
NDH19G14640.1,NDH13G18380.1,1
NDH02G11311.1,NDH19G12470.1,1
NDH13G18131.1,NDH09G12070.1,1
NDH09G25140.1,NDH03G07470.1,1
NDH02G28130.2,NDH11G24620.4,1
NDH14G01320.1,NDH11G38410.2,1
NDH06G17790.1,NDH06G25340.1,1
NDH11G10510.1,NDH18G13790.1,1
NDH10G22950.1,NDH20G08000.1,1
NDH01G24220.1,NDH09G08500.3,1
NDH18G31580.1,NDH09G25630.1,1
NDH02G26650.1,NDH16G40260.2,1
NDH10G06380.1,NDH20G04850.1,1
NDH20G00612.2,NDH06G01000.4,1
NDH16G07450.1,NDH09G25210.1,1
NDH13G45090.1,NDH10G24110.1,1
NDH01G36510.1,NDH20G36590.1,1
NDH14G00580.1,NDH19G07770.1,1
NDH15G08680.1,NDH16G00130.1,1
NDH06G37310.1,NDH16G31470.1,1
NDH04G08180.1,NDH05G00210.1,1
NDH08G09340.1,NDH04G00290.1,1
NDH14G39080.1,NDH04G04080.1,1
NDH03G38581.1,NDH19G42360.1,1
NDH10G07591.1,NDH03G19930.1,1
NDH20G07610.1,NDH17G35320.1,1
NDH09G19270.1,NDH10G28610.3,1
NDH03G00780.1,NDH17G27960.1,1
NDH16G02810.1,NDH09G25210.1,1
NDH15G32490.1,NDH16G00220.1,1
NDH16G04510.1,NDH20G38120.1,1
NDH05G39540.1,NDH14G01210.1,1
NDH19G11920.2,NDH07G00630.1,1
NDH17G36830.1,NDH03G18870.1,1
NDH17G36830.1,NDH13G35500.1,1
NDH19G00320.1,NDH07G08340.2,1
NDH12G35250.1,NDH20G03440.1,1
NDH20G06560.1,NDH14G26330.1,1
NDH07G20500.1,NDH11G36860.1,1
NDH05G32100.1,NDH19G34790.1,1
NDH07G08400.1,NDH11G00570.2,1
NDH19G40310.2,NDH01G10020.1,1
NDH06G22610.1,NDH09G23440.1,1
NDH07G27970.2,NDH04G22630.1,1
NDH12G16710.1,NDH19G44000.15,1
NDH19G43260.1,NDH06G20420.1,1
NDH10G09730.1,NDH13G09730.1,1
NDH13G41580.1,NDH06G01000.4,1
NDH17G22950.1,NDH16G14030.4,1
NDH16G32860.1,NDH07G21520.3,1
NDH05G25540.1,NDH19G37400.1,1
NDH10G03310.1,NDH10G29950.1,1
NDH07G06640.1,NDH18G14350.1,1
NDH19G00320.1,NDH13G48400.1,1
NDH12G35010.1,NDH17G04550.1,1
NDH14G40100.1,NDH16G09140.1,1
NDH13G09730.1,NDH06G21290.1,1
NDH01G15263.1,NDH14G30950.2,1
NDH16G39760.1,NDH08G09200.1,1
NDH06G04830.1,NDH10G05010.1,1
NDH20G01050.1,NDH13G00500.1,1
NDH02G24640.1,NDH09G09590.1,1
NDH11G16330.1,NDH15G00850.1,1
NDH14G36891.1,NDH13G07950.1,1
NDH09G34430.1,NDH16G39660.1,1
NDH07G26970.1,NDH14G03730.1,1
NDH04G12930.1,NDH06G01000.4,1
NDH10G30320.1,NDH16G13210.7,1
NDH11G02620.1,NDH06G21290.1,1
NDH12G20850.1,NDH04G06230.1,1
NDH19G40931.1,NDH12G29230.1,1
NDH04G04290.1,NDH09G00050.1,1
NDH06G28840.1,NDH13G31090.1,1
NDH10G30330.1,NDH17G04980.1,1
NDH05G00680.1,NDH16G14030.4,1
NDH09G36330.1,NDH08G20140.1,1
NDH14G06170.4,NDH08G16540.1,1
NDH03G23890.1,NDH04G04590.2,1
NDH05G39540.1,NDH08G13080.1,1
NDH18G03590.3,NDH19G44190.1,1
NDH05G01300.1,NDH08G00990.1,1
NDH11G28210.1,NDH15G00850.1,1
NDH15G39620.1,NDH09G10290.1,1
NDH17G27570.1,NDH15G39620.1,1
NDH14G12430.1,NDH13G44310.1,1
NDH11G34070.1,NDH19G41140.2,1
NDH04G06230.1,NDH16G14030.4,1
NDH02G11311.1,NDH13G39170.1,1
NDH12G17750.1,NDH17G06330.1,1
NDH09G13400.1,NDH09G35050.1,1
NDH18G10880.1,NDH01G34540.1,1
NDH12G14510.1,NDH06G01000.4,1
NDH08G16600.1,NDH04G11631.2,1
NDH20G13950.1,NDH06G01000.3,1
NDH08G20140.1,NDH05G00110.1,1
NDH01G18320.1,NDH07G09840.1,1
NDH06G15770.1,NDH06G01000.3,1
NDH09G08500.5,NDH17G00330.1,1
NDH09G33260.1,NDH13G27651.3,1
NDH06G21290.1,NDH08G07690.2,1
NDH08G29510.2,NDH11G02360.2,1
NDH13G13220.1,NDH06G01020.1,1
NDH16G06070.1,NDH20G05790.2,1
NDH19G30670.1,NDH09G09650.1,1
NDH20G06760.4,NDH13G19850.1,1
NDH09G29600.1,NDH13G38690.1,1
NDH11G07760.1,NDH10G02670.1,1
NDH11G02470.1,NDH15G00920.1,1
NDH17G14180.1,NDH03G01390.1,1
NDH16G06530.1,NDH06G01020.1,1
NDH03G47231.1,NDH11G10830.1,1
NDH18G05470.1,NDH12G04300.1,1
NDH13G26920.1,NDH07G02550.1,1
NDH03G42990.1,NDH11G32720.1,1
NDH11G02470.1,NDH20G40360.2,1
NDH08G16190.1,NDH07G08340.2,1
NDH03G35420.1,NDH06G01000.4,1
NDH02G24550.1,NDH07G26020.1,1
NDH13G47660.2,NDH08G20140.1,1
NDH06G01000.3,NDH13G41210.1,1
NDH02G16130.2,NDH17G27570.1,1
NDH07G05020.1,NDH06G25840.2,1
NDH10G06910.1,NDH07G12180.1,1
NDH15G24730.1,NDH06G13390.2,1
NDH18G01440.1,NDH20G38110.1,1
NDH13G46930.1,NDH06G01050.1,1
Contig13G00070.1,NDH15G08030.2,1
NDH02G08850.1,NDH11G02360.2,1
NDH19G38090.1,NDH11G37730.1,1
NDH18G18250.1,NDH05G14670.4,1
NDH14G02800.1,NDH03G41190.1,1
NDH01G05740.1,NDH17G00460.3,1
NDH05G39780.1,NDH14G16260.2,1
NDH04G23840.1,NDH16G14030.4,1
NDH11G25700.1,NDH06G07080.1,1
NDH12G19910.1,NDH06G29920.1,1
NDH16G00520.1,NDH20G38110.1,1
NDH12G27000.1,NDH11G13640.1,1
NDH06G01000.4,NDH02G23770.1,1
NDH10G18750.1,NDH20G38110.1,1
NDH20G27230.3,NDH17G35350.1,1
NDH16G10640.1,NDH06G13280.1,1
NDH10G31050.1,NDH06G21290.1,1
NDH06G04110.1,NDH06G01020.1,1
NDH06G01020.1,NDH15G19140.1,1
NDH13G39390.2,NDH02G04770.1,1
NDH17G04590.3,NDH11G02360.2,1
NDH07G05020.1,NDH15G27470.1,1
NDH05G01700.3,NDH14G07420.2,1
NDH15G30540.1,NDH01G30090.3,1
NDH09G23680.2,NDH03G06460.1,1
NDH06G01000.4,NDH13G41210.1,1
NDH09G24470.1,NDH09G28670.1,1
NDH19G41930.1,NDH13G51880.1,1
NDH20G11090.1,NDH16G16490.1,1
NDH04G29380.1,NDH20G17080.1,1
NDH06G01000.4,NDH14G26790.1,1
NDH16G02280.1,NDH18G32290.1,1
NDH14G39750.2,NDH15G10900.1,1
NDH01G00980.1,NDH19G45130.1,1
NDH16G38520.1,NDH19G17470.1,1
NDH16G04510.1,NDH14G26090.1,1
NDH04G34750.1,NDH08G20110.1,1
NDH14G36891.1,NDH14G00200.1,1
NDH08G07650.1,NDH15G21491.1,1
NDH15G25710.1,Contig1G00320.1,1
NDH09G11670.1,NDH01G05980.1,1
NDH06G00590.1,NDH14G06170.2,1
NDH03G44210.1,NDH18G33220.1,1
NDH08G03950.1,NDH16G19020.1,1
NDH09G24270.1,NDH04G33861.1,1
NDH11G27790.1,NDH07G00310.3,1
NDH17G13830.1,NDH19G38680.1,1
NDH05G18560.7,NDH02G24430.1,1
NDH19G39530.1,NDH04G00670.3,1
Contig1G02170.1,NDH06G01000.3,1
NDH20G42440.3,NDH15G27470.1,1
NDH04G01470.1,NDH04G11530.2,1
NDH10G05010.1,NDH15G04020.1,1
NDH03G22730.3,NDH02G01530.1,1
NDH18G24100.1,NDH19G37400.1,1
NDH10G07310.1,NDH06G01020.1,1
NDH11G33600.1,NDH03G16110.1,1
NDH09G34430.1,NDH16G30590.1,1
NDH06G28540.1,NDH10G30330.1,1
NDH13G36890.1,NDH14G30020.1,1
NDH17G35820.1,NDH05G39990.1,1
NDH05G37360.1,NDH15G18810.1,1
NDH01G29810.2,NDH13G09730.1,1
NDH09G15770.1,NDH09G30660.1,1
NDH05G17130.1,NDH15G33600.1,1
NDH13G51580.1,NDH13G31930.1,1
NDH03G35420.1,NDH18G36030.1,1
NDH13G06660.1,NDH16G13210.7,1
NDH13G36410.1,NDH18G10880.1,1
NDH06G15080.1,NDH19G41740.1,1
NDH02G25460.1,NDH15G33600.1,1
NDH18G23290.1,NDH06G01530.3,1
NDH05G05740.1,NDH20G36800.4,1
NDH03G15670.1,NDH18G15560.1,1
NDH05G07790.1,NDH14G00180.6,1
NDH16G13990.1,NDH08G30820.1,1
NDH11G19550.1,NDH19G32100.2,1
NDH15G00650.1,NDH06G28840.1,1
NDH01G37100.1,NDH12G09120.1,1
NDH05G38960.1,NDH11G34800.1,1
NDH20G01471.1,NDH07G15900.1,1
NDH11G19550.1,NDH06G01000.4,1
NDH03G01020.1,NDH11G37760.1,1
NDH11G22240.1,NDH09G36010.1,1
NDH20G24260.1,NDH08G20140.1,1
NDH07G26180.1,NDH20G36530.1,1
NDH15G02490.3,NDH13G37530.1,1
NDH07G26460.1,NDH03G46300.1,1
NDH14G00300.1,NDH07G06640.1,1
NDH10G03010.1,NDH09G23440.1,1
NDH12G24410.1,NDH07G05100.1,1
NDH15G30540.1,NDH17G35740.2,1
NDH16G39760.1,NDH06G01000.3,1
NDH16G37750.2,NDH07G01030.1,1
NDH04G06750.1,NDH09G28670.1,1
NDH20G02600.4,NDH03G31260.5,1
NDH13G18380.1,NDH11G28910.1,1
Contig13G00150.1,NDH15G33440.1,1
NDH20G38110.1,NDH15G13160.1,1
NDH14G34150.1,NDH08G30820.1,1
NDH09G28360.15,NDH20G40570.1,1
NDH06G01000.4,NDH16G14030.4,1
NDH06G29860.1,NDH20G38110.1,1
NDH19G44710.2,NDH05G06390.1,1
NDH11G00540.1,NDH12G02120.1,1
NDH15G01020.1,NDH12G01380.1,1
NDH03G46300.1,NDH17G08860.1,1
NDH04G18270.1,NDH16G32860.1,1
NDH13G11820.1,NDH07G11370.1,1
NDH05G33460.1,NDH06G03830.1,1
NDH20G03570.1,NDH18G10860.1,1
NDH06G01000.4,NDH03G46300.1,1
NDH03G47231.1,NDH06G36540.1,1
NDH20G05010.1,NDH05G14670.2,1
NDH10G00830.1,NDH11G38920.1,1
NDH15G35750.1,NDH18G33220.1,1
NDH06G10180.1,NDH10G01270.1,1
NDH02G09960.1,NDH11G02470.1,1
NDH08G07270.1,NDH03G18870.1,1
NDH05G04370.1,NDH04G04290.2,1
NDH01G05740.1,NDH14G32100.1,1
NDH15G33190.1,NDH09G26840.1,1
NDH14G31050.1,NDH14G12430.1,1
NDH09G28360.2,NDH17G10420.1,1
NDH03G02960.1,NDH14G38770.1,1
NDH01G25160.3,NDH04G29470.1,1
NDH06G18370.1,NDH19G35560.1,1
NDH06G18370.1,NDH09G25210.1,1
NDH10G10270.1,NDH08G20140.1,1
NDH01G05810.1,NDH06G25370.1,1
NDH13G44810.1,NDH14G00720.1,1
NDH20G11081.1,NDH06G37860.1,1
NDH18G10750.1,NDH14G01520.1,1
NDH03G34230.1,NDH14G16570.1,1
NDH01G05740.1,NDH09G23440.1,1
NDH20G00320.2,NDH16G02750.1,1
NDH18G27160.1,NDH16G14030.4,1
NDH13G22880.2,NDH03G46300.1,1
NDH03G16110.1,NDH19G00670.1,1
NDH16G36430.1,NDH04G27800.1,1
NDH04G34980.1,NDH16G10450.1,1
NDH13G00440.3,NDH17G20860.3,1
NDH07G10000.1,NDH15G02110.1,1
NDH10G24110.1,NDH18G11080.1,1
NDH15G39190.1,NDH03G19600.1,1
NDH08G16540.1,NDH11G07120.1,1
NDH19G13090.1,NDH17G27120.1,1
NDH01G00900.3,NDH20G03260.1,1
NDH06G18370.1,NDH05G04510.1,1
NDH09G36960.1,NDH15G28080.1,1
NDH14G07420.2,NDH19G14860.4,1
NDH13G37940.1,NDH10G26570.1,1
NDH11G01900.1,NDH11G35870.1,1
NDH03G30140.1,NDH01G22990.1,1
NDH09G36480.1,NDH13G21070.3,1
NDH11G19550.1,NDH06G01000.3,1
NDH14G40100.1,NDH15G24700.1,1
NDH08G29740.2,NDH13G41210.1,1
NDH15G36630.1,NDH17G15720.4,1
NDH06G17020.1,NDH20G29270.1,1
NDH01G05740.1,NDH05G17570.1,1
NDH13G19950.1,NDH15G07160.1,1
NDH15G24730.1,NDH06G01000.4,1
NDH03G48230.1,NDH08G02410.1,1
NDH06G00540.2,NDH20G36370.1,1
NDH12G04080.2,NDH02G11311.1,1
NDH06G31770.1,NDH20G01660.1,1
NDH02G08150.1,NDH13G40550.1,1
NDH05G39940.1,NDH08G20140.1,1
NDH17G36830.1,NDH04G31200.1,1
NDH19G43000.1,NDH16G10450.1,1
NDH06G20242.1,NDH20G01660.1,1
NDH14G07320.1,NDH12G11420.1,1
NDH06G37500.2,NDH06G00990.4,1
NDH13G22600.1,NDH10G29460.1,1
NDH18G00670.1,NDH19G37400.1,1
NDH13G33710.1,NDH11G20840.1,1
NDH04G25480.1,NDH02G01340.1,1
NDH06G27550.1,NDH14G25880.1,1
NDH12G26600.1,NDH19G20270.2,1
NDH03G02130.1,NDH14G01320.1,1
NDH13G51770.2,NDH12G10930.1,1
NDH16G14030.4,NDH12G36090.1,1
NDH15G16660.1,NDH03G27760.1,1
NDH12G19170.1,NDH04G04610.1,1
NDH02G00310.1,NDH06G32510.1,1
NDH03G12640.1,NDH03G38380.1,1
NDH13G07960.1,NDH06G01020.1,1
NDH03G00950.1,NDH15G26650.1,1
NDH03G15670.1,NDH09G25310.1,1
NDH06G22470.1,NDH11G26950.2,1
NDH10G10370.1,NDH03G16390.1,1
NDH06G01000.3,NDH12G14550.2,1
NDH06G01000.3,NDH18G31180.1,1
NDH04G07570.2,NDH16G14350.1,1
NDH16G02750.1,NDH15G05500.1,1
NDH04G04320.1,NDH10G29150.1,1
NDH18G01400.1,NDH19G37390.1,1
NDH14G07110.1,NDH14G33240.1,1
NDH15G02280.1,NDH04G18880.1,1
NDH15G31130.1,NDH03G24950.1,1
NDH05G18180.1,NDH14G39030.1,1
NDH18G12920.1,NDH06G11570.1,1
NDH16G04980.1,NDH14G12430.1,1
NDH14G38210.2,NDH15G32430.1,1
NDH05G00110.1,NDH11G22240.1,1
NDH11G03400.1,NDH16G36420.1,1
NDH03G30750.2,NDH16G13210.7,1
NDH19G42420.1,NDH05G06870.1,1
NDH13G44160.1,NDH15G25620.1,1
NDH01G09721.1,NDH11G35120.3,1
NDH15G30540.1,NDH17G35740.1,1
NDH13G01520.1,NDH20G24850.2,1
NDH08G07270.2,NDH17G00330.1,1
NDH15G39190.1,NDH10G04610.1,1
NDH17G34900.1,NDH09G34430.1,1
NDH09G21220.1,NDH20G40570.1,1
NDH12G36780.2,NDH17G36830.1,1
NDH08G17720.2,NDH12G04300.1,1
NDH04G06230.1,NDH16G03260.1,1
NDH07G02370.2,NDH05G17010.1,1
NDH16G11761.1,NDH09G36480.1,1
NDH17G01650.1,NDH06G07040.1,1
NDH08G16540.1,NDH05G01120.1,1
Contig1G01530.1,NDH05G03350.1,1
NDH14G22980.1,NDH14G07420.2,1
NDH08G17130.1,NDH05G02030.1,1
NDH19G35080.1,NDH06G01020.1,1
NDH12G24261.1,NDH16G36420.1,1
NDH08G07270.1,NDH17G00330.1,1
NDH20G06520.2,NDH06G01020.1,1
NDH12G06620.1,NDH12G36090.2,1
NDH16G24750.1,NDH16G14030.4,1
NDH16G34980.1,NDH13G24400.1,1
NDH17G00330.1,NDH06G01000.4,1
NDH10G04720.2,NDH16G24760.2,1
NDH04G34980.1,NDH16G33800.1,1
NDH14G10530.1,NDH12G25870.1,1
NDH16G00160.1,NDH16G24190.2,1
NDH20G38120.1,NDH08G20110.1,1
NDH18G01190.1,NDH13G07950.1,1
NDH13G24020.1,NDH06G36890.1,1
NDH03G12860.1,NDH11G19840.1,1
NDH14G26640.1,NDH17G35820.1,1
NDH05G00110.1,NDH19G43840.1,1
NDH18G37220.1,NDH14G07420.2,1
NDH13G50030.1,NDH02G04770.4,1
NDH19G35080.1,NDH10G04610.1,1
NDH01G04740.1,NDH10G05010.1,1
NDH14G01520.1,NDH07G05510.1,1
NDH05G00110.1,NDH20G02780.1,1
NDH10G18750.1,NDH16G13210.7,1
NDH07G22150.1,NDH09G25210.1,1
NDH01G37090.2,NDH17G05460.1,1
NDH20G31430.1,NDH20G42940.1,1
NDH16G01800.1,NDH07G08340.2,1
NDH05G05230.4,NDH06G01020.1,1
NDH08G21020.1,NDH20G08000.1,1
NDH13G42860.1,NDH18G36530.1,1
NDH05G39940.1,NDH17G01280.1,1
NDH13G49990.1,NDH15G07600.1,1
NDH08G10980.1,NDH10G34490.1,1
NDH18G08490.1,NDH20G01050.1,1
NDH05G00110.1,NDH04G09460.1,1
NDH18G13640.1,NDH09G36480.1,1
NDH10G00160.1,NDH09G23440.1,1
NDH09G28270.1,NDH17G19090.1,1
NDH06G01000.4,NDH12G16190.1,1
NDH04G04290.1,NDH20G24120.1,1
NDH17G17300.1,NDH16G24690.1,1
NDH08G12181.1,NDH20G38480.1,1
NDH03G21030.1,NDH06G01000.4,1
NDH16G13990.1,NDH08G27430.1,1
NDH06G07080.1,NDH09G24090.2,1
NDH06G01000.4,NDH04G04610.1,1
NDH02G06480.1,NDH08G20140.1,1
NDH07G06670.1,NDH09G23440.1,1
NDH01G24630.1,NDH19G36770.1,1
NDH04G02280.1,NDH05G01310.2,1
NDH08G21570.1,NDH19G35081.1,1
NDH01G37090.2,NDH16G34950.1,1
NDH16G27531.1,NDH03G41400.1,1
NDH13G53080.1,NDH02G24430.1,1
NDH15G16980.1,NDH06G21290.1,1
NDH03G25920.1,NDH08G09130.1,1
NDH18G08490.1,NDH03G32880.1,1
NDH16G13210.7,NDH16G13210.7,1
NDH04G01000.1,NDH06G01530.3,1
NDH05G05250.2,NDH09G24710.1,1
NDH18G35290.1,NDH05G01370.1,1
NDH06G28840.1,NDH16G14050.3,1
NDH11G37160.1,NDH09G23440.1,1
NDH03G16730.1,NDH17G31280.1,1
NDH17G33220.1,NDH20G40570.1,1
NDH10G28610.3,NDH02G12550.1,1
NDH09G36480.1,NDH20G08000.1,1
NDH17G00960.2,NDH03G15880.1,1
NDH09G34430.1,NDH03G16110.1,1
NDH19G34850.1,NDH19G35080.1,1
NDH08G24260.1,NDH19G35080.1,1
NDH11G27810.1,NDH16G34660.1,1
NDH01G36140.4,NDH18G28911.1,1
NDH01G10020.1,NDH20G32000.1,1
NDH08G19110.1,NDH15G39620.1,1
NDH13G54671.1,NDH14G01370.3,1
NDH13G49540.1,NDH03G48200.1,1
NDH15G32140.1,NDH08G06990.1,1
NDH02G06920.1,NDH19G35080.1,1
NDH05G39540.1,NDH09G04190.1,1
NDH20G08240.1,NDH19G35080.1,1
NDH13G20090.1,NDH10G30320.1,1
NDH09G07830.1,NDH14G40050.1,1
NDH13G05080.1,NDH05G15780.1,1
NDH12G35010.1,NDH06G01530.3,1
NDH19G39330.1,NDH19G35081.1,1
NDH01G02900.1,NDH04G25400.1,1
NDH03G39640.1,NDH01G00980.1,1
NDH17G36830.1,NDH03G27580.1,1
NDH17G20860.3,NDH05G39540.1,1
NDH04G08690.1,NDH05G26720.1,1
NDH09G23440.1,NDH11G06100.1,1
NDH16G00280.1,NDH15G26790.1,1
NDH13G25490.1,NDH08G03331.1,1
NDH06G19250.1,NDH11G00540.1,1
NDH16G31570.1,NDH18G10860.1,1
NDH07G08340.2,NDH11G02360.2,1
NDH05G25770.1,NDH04G06230.1,1
NDH10G01540.1,NDH13G47550.1,1
NDH14G16580.1,NDH18G10880.1,1
NDH19G43260.1,NDH20G12430.1,1
NDH09G08500.1,NDH06G28840.1,1
NDH08G09340.1,NDH08G26910.2,1
NDH09G08500.5,NDH15G39620.1,1
NDH16G17890.1,NDH15G26740.2,1
NDH10G07591.1,NDH11G16430.1,1
NDH12G05020.1,NDH17G05630.1,1
NDH13G15760.1,NDH19G44950.1,1
NDH04G30810.1,NDH12G24261.1,1
NDH01G22990.1,NDH13G36350.1,1
NDH14G06170.4,NDH06G01000.3,1
NDH01G04700.2,NDH07G08340.2,1
NDH01G26400.1,NDH05G09100.1,1
NDH13G20420.1,NDH09G23440.1,1
NDH06G28840.1,NDH13G42340.3,1
NDH05G39540.3,NDH18G14340.1,1
NDH16G19020.1,NDH01G25890.2,1
NDH03G31170.3,NDH19G21260.3,1
NDH09G36480.1,NDH20G40570.1,1
NDH01G26820.1,NDH16G13210.7,1
NDH15G39620.1,NDH07G05140.1,1
NDH03G42580.1,NDH05G20300.1,1
NDH09G25990.1,NDH03G05400.1,1
NDH18G14980.1,NDH16G40000.1,1
NDH06G13820.1,NDH07G12180.1,1
NDH13G05421.1,NDH14G12430.1,1
NDH10G13810.1,NDH08G21710.1,1
NDH20G19360.2,NDH14G07820.1,1
NDH09G36480.1,NDH06G36360.1,1
NDH04G03780.1,NDH19G40570.1,1
NDH10G20780.1,NDH16G01800.1,1
NDH03G39980.1,NDH18G20610.1,1
NDH13G04560.1,NDH06G21290.1,1
NDH05G16940.1,NDH08G20680.1,1
NDH04G29380.1,NDH20G33290.3,1
NDH20G31490.2,NDH06G04140.1,1
NDH07G22150.1,NDH01G27800.1,1
NDH17G36830.1,NDH14G38770.1,1
NDH19G12660.1,NDH17G37920.1,1
NDH08G06020.1,NDH04G03680.1,1
NDH10G30320.1,NDH13G34260.1,1
NDH05G00210.1,NDH01G05440.1,1
NDH15G23970.1,NDH06G01000.3,1
NDH03G37180.1,NDH14G07420.2,1
NDH14G05090.1,NDH11G06360.1,1
NDH15G10390.1,NDH06G01020.1,1
NDH13G01380.1,NDH19G38060.2,1
NDH04G29380.1,NDH11G08880.1,1
NDH09G23440.1,NDH18G14510.1,1
NDH20G42940.1,NDH17G09090.1,1
NDH05G04820.1,NDH10G32450.3,1
NDH08G04840.1,NDH16G13210.7,1
NDH19G13730.1,NDH16G14030.4,1
NDH19G44950.1,NDH10G22950.1,1
NDH10G03010.1,NDH01G22990.1,1
NDH18G30540.1,NDH13G25770.1,1
NDH05G09830.1,NDH14G21900.1,1
NDH16G28700.2,NDH01G14570.1,1
NDH20G08000.1,NDH14G11380.1,1
NDH20G41400.1,NDH18G10880.1,1
NDH19G28080.6,NDH06G01020.1,1
NDH15G39620.1,NDH06G01000.4,1
NDH15G30711.1,NDH13G44400.1,1
NDH09G23440.1,NDH17G20860.3,1
NDH13G25490.1,NDH15G36630.1,1
NDH09G20230.1,NDH16G06030.2,1
NDH09G08500.5,NDH18G14980.1,1
NDH16G13670.1,NDH07G00630.1,1
NDH17G30240.1,NDH20G08000.1,1
NDH10G01540.1,NDH04G06230.1,1
NDH06G15480.1,NDH11G25770.1,1
NDH10G05010.1,NDH02G24440.1,1
NDH05G02600.4,NDH03G46300.1,1
NDH04G02420.1,NDH13G41210.1,1
NDH16G01210.1,NDH13G37640.1,1
NDH01G24990.1,NDH10G00690.1,1
NDH07G05550.1,NDH20G00320.4,1
NDH13G38690.1,NDH13G04660.1,1
NDH04G33861.1,NDH16G01310.1,1
NDH03G38360.1,NDH20G40360.2,1
NDH19G42020.1,NDH03G02130.1,1
NDH01G36560.1,NDH03G46300.1,1
NDH20G42940.1,NDH05G04620.1,1
Contig1G01450.1,NDH19G36150.1,1
NDH20G41190.1,NDH05G09470.1,1
NDH08G09340.1,NDH13G23660.1,1
NDH09G01980.1,NDH19G18430.1,1
NDH11G39010.1,NDH16G06030.2,1
NDH13G54671.1,NDH13G51680.1,1
NDH09G36020.1,NDH10G28810.1,1
NDH10G07250.1,NDH06G01000.3,1
NDH18G32160.1,NDH20G39460.1,1
NDH19G38890.1,NDH14G34850.1,1
NDH13G11010.1,NDH05G28501.1,1
NDH20G25800.2,NDH03G36740.1,1
NDH09G22900.1,NDH15G36630.1,1
NDH03G09190.1,NDH10G19120.10,1
NDH10G30330.1,NDH18G10860.1,1
NDH09G36020.1,NDH19G38290.4,1
NDH06G15710.1,NDH15G39620.1,1
NDH14G07420.2,NDH16G11370.1,1
NDH05G27480.1,NDH06G23240.1,1
NDH18G04180.1,NDH08G20140.1,1
NDH19G25950.1,NDH13G41320.1,1
NDH17G36830.1,NDH02G02140.1,1
NDH18G31580.1,NDH04G26480.2,1
NDH13G25490.1,NDH13G41210.1,1
NDH16G36420.1,NDH07G27961.1,1
NDH14G00350.1,NDH17G27570.1,1
NDH11G29900.1,NDH17G25900.1,1
NDH03G46700.1,NDH13G45910.2,1
NDH20G35380.1,NDH01G28800.1,1
NDH11G33650.1,NDH05G04510.1,1
NDH18G14980.1,NDH19G27330.1,1
NDH07G08340.2,NDH13G02850.1,1
NDH09G23440.1,NDH13G47740.1,1
NDH12G05380.1,NDH16G14050.5,1
NDH19G37400.1,NDH20G40570.1,1
NDH08G09200.1,NDH06G13390.2,1
NDH20G01050.1,NDH09G36650.1,1
NDH18G36991.1,NDH13G44160.1,1
NDH01G30540.1,NDH03G46300.1,1
NDH02G17920.1,NDH06G01000.4,1
NDH09G23440.1,NDH07G11370.1,1
NDH13G25490.1,NDH03G39640.1,1
NDH14G07420.2,NDH06G05420.1,1
NDH20G35120.1,NDH14G00290.1,1
NDH09G23340.2,NDH04G06230.1,1
NDH11G01500.2,NDH06G01000.4,1
NDH02G00670.1,NDH07G08340.2,1
NDH03G47390.1,NDH20G40570.1,1
NDH20G03480.1,NDH14G15150.1,1
NDH02G28090.1,NDH03G14960.1,1
NDH16G34250.1,NDH16G14060.1,1
NDH18G22900.1,NDH05G16020.1,1
NDH19G43260.1,NDH13G20880.1,1
NDH16G19190.3,NDH02G16130.2,1
NDH16G12650.3,NDH03G30140.1,1
NDH07G08340.2,NDH20G40610.2,1
NDH19G34850.1,NDH20G40570.1,1
NDH03G47790.1,NDH05G01040.3,1
NDH19G37400.1,NDH11G33010.1,1
NDH07G05100.1,NDH08G01300.1,1
NDH18G36991.1,NDH15G02080.1,1
NDH18G10880.1,NDH06G01000.4,1
NDH05G29660.1,NDH07G19400.1,1
NDH10G22970.1,NDH08G30820.1,1
NDH12G27760.1,NDH06G15880.1,1
NDH02G06920.1,NDH01G09250.2,1
NDH19G35080.1,NDH10G30320.1,1
NDH13G31930.1,NDH01G30090.3,1
NDH13G51621.1,NDH20G40570.1,1
NDH02G09440.1,NDH06G01000.3,1
NDH12G27820.1,NDH04G18570.2,1
NDH13G17880.1,NDH08G20110.1,1
NDH17G36830.1,NDH20G36520.1,1
NDH09G36020.1,NDH06G01000.3,1
NDH06G28840.1,NDH05G04720.1,1
NDH18G31580.1,NDH16G13670.1,1
NDH03G02160.1,NDH13G54580.1,1
NDH17G12490.1,NDH10G04610.1,1
NDH09G36480.1,NDH05G35570.1,1
NDH18G14350.1,NDH12G07020.1,1
NDH15G38871.1,NDH20G06790.1,1
NDH01G23510.1,NDH20G01050.1,1
NDH07G15880.1,NDH04G04590.2,1
NDH19G43260.1,NDH01G20990.1,1
NDH13G25490.1,NDH12G37200.1,1
NDH05G39540.1,NDH18G19800.1,1
NDH17G26450.1,NDH20G40570.1,1
NDH13G04550.1,NDH08G22980.1,1
NDH16G27860.1,NDH16G38870.1,1
NDH08G20160.1,NDH13G41210.1,1
NDH13G49470.1,NDH02G20650.2,1
NDH11G22240.1,NDH08G11670.1,1
NDH03G00470.1,NDH05G07500.7,1
NDH20G09440.1,NDH17G04330.1,1
NDH07G24280.1,NDH04G00670.3,1
NDH20G38110.1,NDH18G02240.4,1
NDH16G28700.2,NDH13G19340.1,1
NDH01G00940.1,NDH02G06920.1,1
NDH05G04720.1,NDH18G10880.1,1
NDH04G00230.1,NDH14G12430.1,1
NDH06G12750.1,NDH14G12430.1,1
NDH06G22320.1,NDH13G16890.1,1
NDH17G27570.1,NDH20G06310.1,1
NDH07G05100.1,NDH18G10920.1,1
NDH20G28410.1,NDH06G01020.1,1
NDH14G05330.1,NDH07G08650.1,1
NDH14G36891.1,NDH04G26480.2,1
NDH18G14350.1,NDH16G08541.1,1
NDH12G15320.1,NDH16G18000.1,1
NDH19G04920.3,NDH05G38950.1,1
NDH15G07640.4,NDH03G16030.1,1
NDH19G00780.1,NDH12G27000.1,1
NDH10G04610.1,NDH14G04910.4,1
NDH19G37390.1,NDH16G36420.1,1
NDH14G12430.1,NDH05G39540.1,1
NDH20G41190.1,NDH20G14610.2,1
NDH03G47390.1,NDH13G50170.1,1
NDH07G08340.2,NDH13G34240.3,1
NDH10G05290.1,NDH07G20500.1,1
NDH17G22330.1,NDH04G06230.1,1
NDH19G00780.1,NDH19G36150.1,1
NDH05G00200.1,NDH07G05560.1,1
NDH03G09980.1,NDH16G19020.1,1
Contig1G01280.1,NDH07G27760.1,1
NDH05G39540.1,NDH04G06230.1,1
NDH08G13080.1,NDH08G10670.1,1
NDH17G11560.1,NDH11G30370.1,1
NDH13G18131.1,NDH13G11840.1,1
NDH06G16250.1,NDH06G21290.1,1
NDH19G37400.1,NDH10G01540.1,1
NDH09G08500.5,NDH16G13330.1,1
NDH19G35440.2,NDH03G46300.1,1
NDH18G19140.2,NDH08G06870.2,1
NDH02G09340.1,NDH13G20090.1,1
NDH09G28660.1,NDH19G42610.2,1
NDH18G32240.2,NDH20G40570.1,1
NDH15G21720.1,NDH06G01000.4,1
NDH13G53620.1,NDH06G01530.3,1
NDH14G05330.1,NDH03G02710.1,1
NDH18G24830.1,NDH13G20940.1,1
NDH10G30320.1,NDH06G35000.1,1
NDH06G37730.1,NDH09G23440.1,1
NDH06G01020.1,NDH14G03920.1,1
NDH10G01560.1,NDH18G24070.1,1
NDH20G38110.1,NDH14G07420.2,1
NDH13G16850.1,NDH01G31570.3,1
NDH19G38890.1,NDH05G30820.1,1
NDH07G08340.1,NDH17G18840.1,1
NDH10G05290.1,NDH09G25740.1,1
NDH05G02960.1,NDH06G13970.2,1
NDH13G18380.1,NDH10G00830.1,1
NDH13G34260.1,NDH06G01530.3,1
NDH19G44220.1,NDH12G00760.2,1
NDH19G29573.1,NDH05G39940.1,1
NDH10G28610.3,NDH15G22870.1,1
NDH08G20140.1,NDH20G01670.1,1
NDH08G16190.1,NDH06G33810.1,1
NDH20G01050.1,NDH18G13790.1,1
NDH09G08500.1,NDH04G05540.1,1
NDH13G25490.1,NDH06G01460.1,1
NDH13G25490.1,NDH16G31630.1,1
NDH18G14350.1,NDH03G00490.1,1
NDH09G08500.1,NDH05G04530.1,1
NDH16G06040.1,NDH03G45200.1,1
NDH20G01340.1,NDH18G10860.1,1
NDH10G29460.1,NDH20G02940.1,1
NDH08G13100.1,NDH10G07250.1,1
NDH04G30630.2,NDH10G13990.3,1
NDH02G24650.1,NDH16G14030.4,1
NDH16G32960.1,NDH05G03100.1,1
NDH03G00780.1,NDH16G13370.1,1
NDH13G08980.1,NDH03G39640.1,1
NDH20G31530.1,NDH17G05460.1,1
NDH14G01520.1,NDH13G34160.2,1
NDH20G01220.1,NDH02G00250.1,1
NDH16G06180.1,NDH10G30320.1,1
NDH10G07180.1,NDH20G38030.1,1
NDH13G00870.1,NDH11G22000.2,1
NDH08G20140.1,NDH02G28090.1,1
NDH19G38890.1,NDH03G02130.1,1
NDH17G27820.1,NDH03G33970.2,1
NDH18G34530.1,NDH13G01710.2,1
Contig1G01280.1,NDH12G07740.2,1
NDH15G01640.1,NDH17G26980.2,1
NDH09G34430.1,NDH04G29380.1,1
NDH04G05450.1,NDH15G09490.1,1
NDH01G26960.1,NDH06G07310.1,1
NDH17G35350.1,NDH15G23030.1,1
NDH12G37210.1,NDH18G04440.1,1
NDH19G37400.1,NDH01G12020.1,1
NDH10G30320.1,NDH16G28900.1,1
NDH15G26440.1,NDH06G28840.1,1
Contig1G01280.1,NDH11G03400.1,1
NDH19G22320.1,NDH06G01000.4,1
NDH17G35070.1,NDH06G02590.1,1
NDH13G42340.2,NDH06G01000.3,1
NDH10G28810.1,NDH20G38110.1,1
NDH12G13800.1,NDH05G28150.1,1
NDH15G22420.1,NDH10G02470.1,1
NDH19G37400.1,NDH13G02380.1,1
NDH08G00990.1,NDH20G25800.2,1
NDH07G12400.1,NDH08G30820.1,1
NDH13G24600.1,NDH05G01130.1,1
NDH13G20750.1,NDH18G16020.1,1
NDH16G36420.1,NDH09G10720.1,1
NDH19G34850.1,NDH05G16760.1,1
NDH19G09601.1,NDH08G20110.1,1
NDH19G41930.1,NDH01G23510.1,1
NDH16G01830.1,NDH16G36860.2,1
NDH13G25490.1,NDH09G16650.1,1
NDH13G54671.1,NDH16G13210.7,1
NDH10G07591.1,NDH07G01030.1,1
NDH08G07690.2,NDH17G06910.1,1
NDH09G02230.1,NDH03G06140.1,1
NDH19G03950.1,NDH11G14710.1,1
NDH13G00610.1,NDH17G34840.1,1
NDH19G27020.1,NDH07G26970.1,1
NDH18G36200.1,NDH20G39390.1,1
NDH18G34180.1,NDH07G06380.2,1
NDH06G21290.1,NDH03G08040.1,1
NDH20G38110.1,NDH16G38870.1,1
NDH05G28501.1,NDH06G01000.2,1
NDH08G24590.1,NDH17G30380.1,1
NDH09G20850.1,NDH02G22810.1,1
NDH20G38110.1,NDH10G29940.1,1
NDH13G52710.2,NDH03G14700.2,1
NDH16G13330.1,NDH13G01710.2,1
NDH19G34730.1,NDH01G09450.3,1
NDH18G09490.1,NDH06G13810.2,1
NDH10G05290.1,NDH19G00790.1,1
NDH16G35290.1,NDH18G23560.1,1
NDH11G00490.2,NDH20G11081.1,1
NDH08G14030.1,NDH18G32160.1,1
NDH01G23670.1,NDH15G39620.1,1
NDH07G05100.1,NDH11G05830.1,1
NDH19G28080.6,NDH08G20140.1,1
NDH19G43260.1,NDH03G46690.1,1
NDH03G00780.1,NDH14G32180.1,1
NDH05G07740.1,NDH01G30090.3,1
NDH08G15400.1,NDH05G30540.1,1
NDH01G25320.2,NDH08G18580.1,1
NDH19G42940.1,NDH13G41210.1,1
NDH19G07590.1,NDH18G33630.1,1
NDH11G22240.1,NDH13G04660.1,1
NDH19G35080.1,NDH18G00360.1,1
NDH19G08120.1,NDH20G02220.1,1
NDH11G01500.2,NDH03G23690.2,1
NDH09G03080.1,NDH09G31810.1,1
NDH03G00950.1,NDH03G46300.1,1
NDH06G36790.1,NDH09G23440.1,1
NDH20G38110.1,NDH02G16130.2,1
NDH16G32860.1,NDH09G13100.1,1
NDH13G04560.1,NDH14G38640.5,1
NDH12G37040.2,NDH16G13990.1,1
NDH20G06580.1,NDH20G40570.1,1
NDH13G01480.1,NDH16G14030.4,1
NDH10G20010.1,NDH15G24990.1,1
NDH13G05421.1,NDH20G26360.1,1
NDH13G47060.1,NDH14G38210.2,1
NDH06G15290.1,NDH20G06660.1,1
NDH10G06660.2,NDH07G08340.2,1
NDH10G05290.1,NDH07G27961.1,1
NDH09G08500.1,NDH20G40570.1,1
NDH09G29730.1,NDH17G26450.1,1
NDH20G08330.1,NDH08G30820.1,1
NDH20G07610.1,NDH06G01020.1,1
NDH16G01270.1,NDH16G14030.4,1
NDH12G07050.2,NDH19G14560.1,1
NDH18G14980.1,NDH07G20610.1,1
NDH15G28630.1,NDH13G11840.1,1
NDH11G38910.1,NDH12G21670.1,1
NDH18G08450.1,NDH15G39620.1,1
NDH17G01660.1,NDH20G37180.3,1
NDH15G28630.1,NDH16G10480.1,1
NDH18G02170.1,NDH14G26050.1,1
NDH01G31230.2,NDH02G28090.1,1
NDH09G33790.1,NDH07G08970.3,1
NDH07G20500.1,NDH13G14010.2,1
NDH13G05030.1,NDH01G29780.4,1
NDH13G38830.1,NDH10G00280.1,1
NDH08G02470.1,NDH14G38910.1,1
NDH09G08500.1,NDH09G31910.1,1
NDH18G14980.1,NDH20G38110.1,1
NDH12G35250.1,NDH03G39640.1,1
NDH03G42580.1,NDH04G09260.1,1
NDH17G11480.1,NDH18G05100.1,1
NDH04G08340.1,NDH06G21290.1,1
NDH16G07660.1,NDH17G11560.2,1
NDH19G08780.1,NDH18G26320.1,1
NDH15G38600.1,NDH13G03490.1,1
NDH14G07420.2,NDH13G54720.2,1
NDH14G29260.1,NDH20G38480.1,1
NDH09G06080.5,NDH19G43710.1,1
NDH04G25310.1,NDH16G21580.1,1
NDH18G26740.1,NDH10G06780.1,1
NDH19G00260.1,NDH16G06080.1,1
NDH20G38110.1,NDH06G01020.1,1
NDH16G34250.1,NDH18G00230.1,1
NDH14G12430.1,NDH09G25140.1,1
NDH18G31580.1,NDH09G36920.1,1
NDH12G29510.2,NDH05G00110.1,1
NDH17G36830.1,NDH17G36830.1,1
NDH08G07690.2,NDH10G05210.3,1
NDH17G27570.1,NDH13G08760.2,1
NDH13G18131.1,NDH03G17060.1,1
NDH03G21220.1,NDH03G30140.1,1
NDH18G36530.2,NDH03G37180.1,1
NDH02G26650.1,NDH13G40130.1,1
NDH02G24460.1,NDH11G32830.2,1
NDH14G05330.1,NDH20G38110.1,1
NDH03G27580.1,NDH13G50250.1,1
NDH07G08340.2,NDH20G28230.1,1
NDH05G01300.1,NDH02G09290.1,1
NDH17G36830.1,NDH01G18320.1,1
NDH05G39540.1,Contig1G01450.1,1
NDH08G07280.1,NDH12G10950.1,1
NDH13G03460.1,NDH03G38380.1,1
NDH11G26380.1,NDH06G01000.3,1
NDH03G10760.1,NDH01G07870.1,1
NDH07G06270.1,NDH08G20140.1,1
NDH13G49070.1,NDH09G06280.1,1
NDH19G34850.1,NDH19G06410.1,1
NDH07G04120.1,NDH06G04470.1,1
NDH18G10880.1,NDH11G22060.1,1
NDH11G27810.1,NDH12G36090.2,1
NDH19G00780.1,NDH10G30320.1,1
NDH09G36020.1,NDH03G40330.1,1
NDH15G08680.1,NDH12G27760.1,1
NDH14G05330.1,NDH03G15230.1,1
NDH13G07960.2,NDH14G07420.2,1
NDH13G02850.1,NDH16G14030.4,1
NDH07G27961.1,NDH14G38770.1,1
NDH13G45380.1,NDH10G30320.1,1
NDH08G20140.1,NDH05G02900.2,1
NDH05G02900.2,NDH12G32640.1,1
NDH03G23790.1,NDH07G01380.2,1
NDH01G36720.1,NDH09G23440.1,1
NDH18G19640.1,NDH12G17230.1,1
NDH13G41210.1,NDH04G04290.1,1
NDH06G21290.1,NDH11G34170.2,1
NDH03G18620.1,NDH10G30330.1,1
NDH04G18000.1,NDH01G00740.1,1
NDH13G25430.1,NDH07G08340.1,1
NDH08G20140.1,NDH15G08540.1,1
NDH01G00480.2,NDH07G12180.1,1
NDH08G13080.1,NDH09G02230.1,1
NDH02G29240.1,NDH06G21290.1,1
NDH12G20150.3,NDH16G14030.4,1
NDH10G01820.1,NDH09G23440.1,1
NDH14G15140.1,NDH13G38280.1,1
NDH07G03000.1,NDH07G03000.1,1
NDH15G24430.3,NDH05G12160.1,1
NDH17G25900.1,NDH03G16960.1,1
NDH01G23670.1,NDH02G09100.1,1
NDH13G49070.1,NDH08G17440.1,1
NDH01G35990.1,NDH11G13160.1,1
NDH13G25490.1,NDH04G06230.1,1
NDH14G07420.2,NDH05G01100.1,1
NDH17G36830.1,NDH05G39540.1,1
NDH17G36830.1,NDH15G38670.2,1
NDH03G38800.1,NDH11G03270.1,1
NDH17G09010.1,NDH06G01000.3,1
NDH18G14980.1,NDH17G35310.1,1
NDH08G07690.2,NDH09G01650.1,1
NDH17G20860.3,NDH08G20140.1,1
NDH12G35270.1,NDH13G47700.2,1
NDH20G38110.1,NDH06G37860.1,1
NDH10G22950.1,NDH17G36710.1,1
NDH19G24760.1,NDH05G11030.1,1
NDH06G21290.1,NDH13G49470.1,1
NDH03G14720.1,NDH13G47040.1,1
NDH14G39080.1,NDH09G36920.1,1
NDH08G10870.1,NDH14G29810.1,1
NDH14G05330.1,NDH13G00170.1,1
NDH20G35240.2,NDH15G25750.1,1
NDH12G37200.1,NDH14G38210.1,1
NDH10G30620.1,NDH20G34120.1,1
NDH01G23530.1,NDH17G33220.1,1
NDH03G46700.1,NDH03G25720.1,1
NDH06G04820.1,NDH17G37950.1,1
NDH14G36980.2,NDH08G00990.1,1
NDH13G41210.1,NDH13G44160.1,1
NDH19G43260.1,NDH10G17830.1,1
NDH02G15630.1,NDH07G08340.2,1
NDH17G15720.5,NDH07G27970.1,1
NDH14G32030.1,NDH11G15770.1,1
NDH08G07690.2,NDH17G11630.1,1
NDH15G30540.1,NDH14G06170.2,1
NDH16G00520.1,NDH17G09130.1,1
NDH03G11710.3,NDH15G34960.1,1
NDH19G43260.1,NDH11G02360.2,1
NDH04G08720.1,NDH15G39620.1,1
NDH13G04660.1,NDH12G13890.1,1
NDH15G18170.1,NDH10G26520.1,1
NDH18G30690.1,NDH17G07830.1,1
NDH02G24640.1,NDH03G22540.1,1
NDH01G13430.1,NDH03G17060.1,1
NDH03G39640.1,NDH03G06460.2,1
NDH08G16600.1,NDH06G21290.1,1
NDH09G04730.8,NDH14G40060.1,1
NDH20G38120.1,NDH13G04050.1,1
NDH04G06230.1,NDH18G00260.1,1
NDH06G01260.2,NDH09G23440.1,1
NDH07G09840.1,NDH04G33300.1,1
NDH16G09850.1,NDH04G04590.2,1
NDH06G03620.1,NDH13G10820.3,1
NDH16G19740.1,NDH19G02450.2,1
NDH04G06230.1,NDH19G00510.2,1
NDH13G25490.1,NDH16G04510.1,1
NDH03G21090.1,NDH19G02030.1,1
NDH07G08340.2,NDH04G01000.1,1
NDH05G32800.1,NDH11G33510.1,1
NDH06G28840.1,NDH20G00320.4,1
NDH08G25750.3,NDH09G36330.1,1
NDH14G00520.1,NDH08G20140.1,1
NDH09G23440.1,NDH05G28920.1,1
NDH08G20140.1,NDH11G37500.1,1
NDH10G30330.1,NDH09G28490.2,1
NDH13G52920.1,NDH20G17330.1,1
NDH05G40030.1,NDH13G07960.2,1
NDH15G32490.1,NDH14G12780.1,1
NDH13G46640.1,NDH06G01020.1,1
NDH13G18131.1,NDH09G25740.1,1
NDH19G11720.1,NDH01G15262.1,1
NDH17G15930.1,NDH08G03560.2,1
NDH15G35980.1,NDH20G38480.1,1
NDH13G28250.1,NDH03G10810.1,1
NDH08G25110.1,NDH14G10430.1,1
NDH17G07080.1,NDH03G02130.1,1
NDH01G10020.1,NDH09G21930.1,1
NDH03G38720.1,NDH06G01000.3,1
NDH17G30320.2,NDH09G17320.1,1
NDH03G46700.1,NDH09G36330.1,1
NDH12G35010.1,NDH10G27030.1,1
NDH11G27810.1,NDH01G22990.1,1
NDH18G03710.1,NDH05G04020.1,1
NDH10G30320.1,NDH05G28360.3,1
NDH13G31930.1,NDH15G27620.1,1
NDH10G28610.3,NDH06G21290.1,1
NDH17G14870.1,NDH19G24010.1,1
NDH03G13460.1,NDH16G14030.4,1
NDH09G23440.1,NDH20G40570.1,1
NDH01G15263.1,NDH06G08130.1,1
NDH10G07591.1,NDH03G27350.1,1
NDH11G28210.1,NDH06G08130.1,1
NDH05G39570.1,NDH01G27970.1,1
NDH02G07960.1,NDH11G39230.1,1
NDH13G47340.1,NDH15G39620.1,1
NDH16G36490.4,NDH11G02470.1,1
NDH19G11830.1,NDH03G08780.1,1
NDH13G02850.1,NDH08G02410.1,1
NDH06G14380.1,NDH05G14670.4,1
NDH13G18131.1,NDH05G04690.2,1
NDH03G07130.1,NDH09G02230.1,1
NDH11G16840.1,NDH04G33520.1,1
NDH15G40180.1,NDH06G00990.4,1
NDH02G24650.1,NDH05G27900.4,1
NDH19G02520.1,NDH19G34770.1,1
NDH09G02230.1,NDH16G10220.1,1
NDH04G26700.2,NDH07G10380.1,1
NDH13G21330.1,NDH17G16410.2,1
NDH14G00200.1,NDH07G02570.1,1
NDH07G13960.1,NDH14G03080.1,1
NDH09G36330.1,NDH19G19340.4,1
NDH06G01020.1,NDH10G30330.1,1
NDH09G36480.1,NDH08G13080.1,1
NDH08G09200.1,NDH13G36750.1,1
NDH08G30820.1,NDH20G40570.1,1
NDH11G17710.1,NDH11G02470.1,1
NDH12G22060.1,NDH12G22060.1,1
NDH17G01640.1,NDH20G40570.1,1
NDH13G49070.1,NDH03G29650.1,1
NDH11G17430.3,NDH20G38110.1,1
NDH10G30330.1,NDH15G05250.1,1
NDH10G30320.1,NDH06G13390.2,1
NDH10G30330.1,NDH03G00780.1,1
NDH20G05110.2,NDH20G31440.1,1
NDH15G39190.1,NDH11G02360.2,1
NDH19G32040.1,NDH18G15880.1,1
NDH13G25090.1,NDH10G07600.1,1
NDH18G27570.1,NDH17G36830.1,1
NDH09G33260.1,NDH16G14030.4,1
NDH17G17790.2,NDH06G01000.4,1
NDH19G35080.1,NDH16G00590.1,1
NDH17G35820.1,NDH11G06810.1,1
NDH07G08340.2,NDH16G14030.4,1
NDH11G01500.2,NDH08G20140.1,1
NDH13G36680.1,NDH13G19330.1,1
NDH01G31150.5,NDH14G16580.1,1
NDH06G04830.1,NDH06G34410.1,1
NDH01G02390.1,NDH01G05740.1,1
NDH11G16440.1,NDH09G23440.1,1
NDH14G31720.1,NDH10G24110.1,1
NDH13G49070.1,NDH16G14030.4,1
NDH17G35350.1,NDH09G34430.1,1
NDH06G13820.1,NDH09G21330.1,1
NDH13G48370.1,NDH19G33980.1,1
NDH19G43720.1,NDH14G40090.1,1
NDH13G25490.1,NDH20G38110.1,1
NDH02G09100.1,NDH15G00850.1,1
NDH04G11450.1,NDH06G21290.1,1
NDH02G24640.1,NDH13G09640.1,1
NDH07G24280.1,NDH19G35680.3,1
NDH05G25630.1,NDH13G25980.1,1
NDH20G38120.1,NDH09G31840.3,1
NDH13G49070.1,NDH11G27810.1,1
NDH02G24640.1,NDH04G06230.1,1
NDH08G20140.1,NDH01G30090.3,1
NDH05G06080.1,NDH14G07420.2,1
NDH01G24220.1,NDH09G23440.1,1
NDH07G08970.3,NDH18G10860.1,1
NDH11G33810.1,NDH18G14350.1,1
NDH15G25940.1,NDH18G10860.1,1
NDH19G03370.1,NDH09G23440.1,1
NDH08G09200.1,NDH20G40570.1,1
NDH17G21600.1,NDH04G06230.1,1
NDH19G37400.1,NDH11G02360.2,1
Contig1G01020.1,NDH13G42340.1,1
NDH19G37400.1,NDH20G10580.1,1
NDH04G30630.2,NDH20G12760.1,1
NDH19G43260.1,NDH03G36740.1,1
NDH13G25490.1,NDH14G26900.1,1
NDH13G00170.2,NDH17G03380.1,1
NDH12G12150.1,NDH06G21290.1,1
NDH05G39540.3,NDH07G08340.2,1
NDH05G03950.4,NDH01G15262.1,1
NDH06G19290.1,NDH04G27800.1,1
NDH12G35250.1,NDH06G21290.1,1
NDH13G19280.1,NDH07G02400.1,1
NDH09G34560.3,NDH12G28250.1,1
NDH11G26860.1,NDH13G25980.1,1
NDH13G05080.1,NDH06G01530.3,1
NDH07G27610.1,NDH09G18380.1,1
NDH08G20110.1,NDH18G14751.1,1
NDH13G52920.1,NDH18G31390.1,1
NDH09G36020.1,NDH04G05570.1,1
NDH05G39540.3,NDH16G10110.1,1
NDH10G14920.1,NDH03G31670.1,1
NDH10G30320.1,NDH19G00830.1,1
NDH13G49470.1,NDH07G08340.2,1
NDH08G11670.1,NDH20G14370.1,1
NDH02G22940.1,NDH20G04000.1,1
NDH04G29380.1,NDH16G14030.4,1
NDH07G08340.2,NDH05G30780.1,1
NDH07G05100.1,NDH12G35040.1,1
NDH13G01480.1,NDH20G40570.1,1
NDH18G05440.1,NDH16G34060.1,1
NDH16G16570.1,NDH18G29800.1,1
NDH13G24230.1,NDH02G13530.1,1
NDH13G43460.1,NDH06G01000.4,1
NDH20G21500.1,NDH01G30090.2,1
NDH19G11720.1,NDH08G21530.1,1
NDH07G08340.2,NDH16G12390.3,1
NDH17G35320.1,NDH03G46300.1,1
NDH14G09790.1,NDH15G00400.2,1
NDH01G27800.1,NDH18G13000.1,1
NDH01G04190.5,NDH01G30090.3,1
NDH05G00200.1,NDH13G18131.1,1
NDH09G34470.1,NDH04G03470.2,1
NDH19G00780.1,NDH16G14050.3,1
NDH03G00780.1,NDH13G50970.1,1
NDH05G09830.1,NDH18G26180.1,1
NDH19G43260.1,NDH14G27800.1,1
NDH07G24090.1,NDH10G20750.1,1
NDH13G20090.1,NDH13G22260.1,1
NDH15G39190.1,NDH13G10080.1,1
NDH16G01210.1,NDH13G41210.2,1
NDH16G29810.1,NDH13G00110.1,1
NDH03G00780.1,NDH10G20750.1,1
NDH19G35081.1,NDH14G22050.1,1
NDH19G00780.1,NDH10G03920.1,1
NDH18G14980.1,NDH01G01680.3,1
NDH15G12810.3,NDH10G30330.1,1
NDH18G26740.1,NDH19G31750.1,1
NDH10G30320.1,NDH16G33980.1,1
NDH19G37400.1,NDH09G25210.2,1
NDH07G05100.1,NDH17G37450.2,1
NDH16G14030.4,NDH06G21290.1,1
NDH06G01020.1,NDH06G21590.1,1
NDH15G28630.1,NDH03G02030.1,1
NDH07G08340.2,NDH15G06900.1,1
NDH07G08340.2,NDH08G00590.1,1
NDH13G25490.1,NDH19G04090.1,1
NDH07G27961.1,NDH14G38680.1,1
NDH05G18210.1,NDH20G38120.1,1
NDH03G25920.1,NDH13G00110.1,1
NDH07G02070.1,NDH16G13210.6,1
NDH05G30670.1,NDH18G31420.7,1
NDH07G04971.1,NDH16G13210.7,1
NDH05G05830.2,NDH13G08520.1,1
NDH08G07690.2,NDH16G14030.4,1
NDH10G03010.1,NDH11G13670.1,1
NDH08G20110.1,NDH02G24440.1,1
NDH05G28330.1,NDH03G08780.1,1
NDH06G01440.1,NDH18G03710.1,1
NDH19G20530.1,NDH03G01390.1,1
NDH05G28501.1,NDH03G00780.1,1
NDH05G05640.1,NDH18G36870.1,1
NDH11G26780.1,NDH16G14030.4,1
NDH03G21090.1,NDH02G26620.1,1
NDH02G03230.1,NDH01G21310.2,1
NDH10G19400.1,NDH20G31770.1,1
NDH01G00050.1,NDH18G37120.1,1
NDH19G35440.2,NDH20G43150.1,1
NDH03G47730.1,NDH07G09070.3,1
NDH17G27570.1,NDH09G23440.1,1
NDH02G01500.1,NDH17G31190.1,1
NDH14G13270.1,NDH18G23560.1,1
NDH03G11890.1,NDH01G27450.1,1
NDH17G00960.1,NDH05G07430.1,1
NDH17G27570.1,NDH06G21290.1,1
NDH14G00350.1,NDH01G30820.1,1
NDH19G43260.1,NDH13G42340.1,1
NDH15G38600.1,NDH07G08340.2,1
NDH18G05060.1,NDH09G07250.1,1
NDH11G16440.1,NDH12G35370.1,1
NDH01G00050.1,NDH06G12181.1,1
NDH19G37400.1,NDH14G31720.1,1
NDH19G43260.1,NDH19G37390.1,1
NDH13G49070.1,NDH10G05750.1,1
NDH05G15540.1,NDH03G21450.1,1
NDH10G22230.1,NDH08G03950.1,1
NDH14G33240.1,NDH20G31490.2,1
NDH13G25490.1,NDH07G06470.1,1
NDH06G06620.1,NDH17G11760.1,1
NDH03G16260.1,NDH20G20390.2,1
NDH07G12180.1,NDH15G13900.1,1
NDH04G29380.1,NDH13G43270.1,1
NDH05G39540.1,NDH18G32190.1,1
NDH07G04971.1,NDH18G10880.1,1
NDH02G25510.1,NDH13G42340.1,1
NDH09G08500.5,NDH03G32920.1,1
NDH20G42770.2,NDH17G33220.1,1
NDH18G31580.1,NDH06G24040.1,1
NDH19G03570.1,NDH17G03530.1,1
NDH03G07130.1,NDH06G01530.3,1
NDH19G43260.1,NDH04G06230.1,1
NDH16G19190.3,NDH01G22990.1,1
NDH02G04410.3,NDH13G45760.2,1
NDH17G26720.1,NDH16G01030.1,1
NDH16G08680.1,NDH06G22240.1,1
NDH05G02900.2,NDH09G29060.1,1
NDH15G11420.1,NDH10G04610.1,1
NDH13G25490.1,NDH03G01620.1,1
NDH03G41770.1,NDH20G08680.1,1
NDH07G16170.1,NDH14G31460.1,1
NDH01G23690.4,NDH20G11090.1,1
NDH01G35650.1,NDH06G35000.1,1
NDH15G08680.1,NDH06G34460.1,1
NDH05G18140.1,NDH09G25740.1,1
NDH13G00870.1,NDH14G01370.3,1
NDH03G14960.1,NDH12G23970.1,1
NDH19G34730.1,NDH14G15430.1,1
NDH05G00100.2,NDH15G00990.2,1
NDH13G53610.1,NDH02G20710.2,1
NDH06G22240.1,NDH03G47920.2,1
NDH14G15870.2,NDH08G25700.1,1
NDH10G05290.1,NDH12G25890.1,1
NDH13G46640.1,NDH06G06530.1,1
NDH17G35350.1,NDH20G38110.1,1
NDH03G01611.1,NDH15G30680.1,1
NDH13G09510.1,NDH20G23971.1,1
NDH12G12150.1,NDH15G39620.1,1
NDH12G27000.1,NDH14G10430.1,1
NDH16G16900.1,NDH03G19000.1,1
NDH01G29220.1,NDH13G22600.1,1
NDH13G42470.1,NDH06G32930.1,1
NDH05G37710.1,NDH13G47010.1,1
NDH19G43260.1,NDH16G38220.1,1
NDH17G29250.2,NDH19G42700.1,1
NDH13G25490.1,NDH19G00780.1,1
NDH19G43260.1,NDH05G37200.2,1
NDH15G16970.1,NDH17G13910.1,1
NDH18G31580.1,NDH17G11770.1,1
NDH01G05740.1,NDH17G05530.1,1
NDH02G09190.1,NDH17G07600.1,1
NDH16G30090.1,NDH09G23440.1,1
NDH19G44710.2,NDH13G08940.1,1
NDH11G26610.1,NDH11G16440.1,1
NDH17G07830.1,NDH06G01020.1,1
NDH15G24730.1,NDH20G39320.1,1
NDH13G54070.1,NDH19G43710.1,1
NDH15G00110.1,NDH07G08970.2,1
NDH15G38350.1,NDH06G00990.4,1
NDH14G13200.1,NDH03G32920.1,1
NDH05G36040.1,NDH16G13210.6,1
NDH09G31730.1,NDH01G05740.1,1
NDH13G22600.1,NDH07G05540.1,1
NDH13G25490.1,NDH07G22490.1,1
Contig1G00800.5,NDH16G19190.4,1
NDH06G06290.1,NDH05G24740.1,1
NDH16G31470.1,NDH03G43750.1,1
NDH06G13151.1,NDH09G26470.1,1
NDH16G07430.1,NDH12G24241.1,1
NDH13G01710.1,NDH20G08000.1,1
NDH03G44520.1,NDH06G21290.1,1
NDH20G03210.1,NDH07G00311.1,1
NDH03G02130.1,NDH16G13210.6,1
NDH07G22150.1,NDH09G36010.1,1
NDH09G24640.1,NDH01G25430.1,1
NDH12G35690.1,NDH09G06660.1,1
NDH15G29001.1,NDH04G02980.1,1
NDH02G18310.1,NDH17G05940.1,1
NDH01G28320.1,NDH04G10880.1,1
NDH10G28930.1,NDH13G00870.1,1
NDH18G05830.1,NDH19G13250.1,1
NDH12G07390.2,NDH06G09400.1,1
NDH18G31580.1,NDH10G20000.1,1
NDH01G05740.1,NDH20G10540.1,1
NDH15G36630.1,NDH18G03700.1,1
NDH04G24420.1,NDH11G37290.1,1
NDH08G00220.1,NDH05G04730.2,1
NDH07G02710.1,NDH20G40570.1,1
NDH07G24020.1,NDH07G22490.1,1
NDH12G35010.1,NDH05G16481.1,1
NDH14G06870.1,NDH16G14030.4,1
NDH03G02130.1,NDH13G20940.1,1
NDH20G39370.1,NDH09G23440.1,1
NDH05G27650.1,NDH14G02570.1,1
NDH18G15620.1,NDH08G07690.2,1
NDH03G48230.1,NDH20G08000.1,1
NDH09G34470.1,NDH11G14610.1,1
NDH07G26180.1,NDH09G28670.1,1
NDH09G31290.1,NDH07G20530.1,1
NDH16G28170.4,NDH04G26480.2,1
NDH06G27280.2,NDH16G14030.4,1
NDH01G05740.1,NDH04G18570.1,1
NDH13G26530.1,NDH11G36930.2,1
NDH15G26260.3,NDH01G05740.1,1
NDH06G01000.3,NDH14G12780.1,1
NDH13G22600.1,NDH07G05260.1,1
NDH20G33670.1,NDH13G48520.1,1
NDH06G04140.1,NDH06G37880.2,1
NDH06G02600.1,NDH18G10930.2,1
NDH17G35490.2,NDH17G25900.1,1
NDH09G36480.1,NDH04G34980.2,1
NDH14G13270.1,NDH04G06230.1,1
NDH12G32860.1,NDH17G16880.2,1
NDH15G00090.1,NDH07G03050.1,1
NDH05G39990.1,NDH07G12180.1,1
NDH08G03950.1,NDH06G21290.1,1
NDH06G01530.1,NDH15G27480.1,1
NDH13G22600.1,NDH03G48330.1,1
NDH10G05010.1,NDH08G17010.1,1
NDH11G38980.4,NDH12G13000.1,1
NDH07G28150.1,NDH01G30090.3,1
NDH12G16360.1,NDH09G23440.1,1
NDH13G14450.1,NDH09G16740.3,1
NDH15G36630.1,NDH20G07180.1,1
NDH14G25760.1,NDH05G00110.1,1
NDH17G00990.1,NDH14G31050.1,1
NDH19G13090.1,NDH12G20780.1,1
NDH11G37210.1,NDH19G12670.2,1
NDH08G03840.1,NDH19G17470.1,1
NDH05G18750.1,NDH11G37610.1,1
NDH06G01000.3,NDH20G40570.1,1
NDH19G36510.1,NDH12G28780.1,1
NDH04G02410.2,NDH08G30820.1,1
NDH03G39330.1,NDH12G08780.1,1
NDH05G20310.1,NDH17G13910.1,1
NDH13G40350.1,NDH19G07640.1,1
NDH13G25490.1,NDH06G21290.1,1
NDH16G29290.1,NDH08G14840.1,1
NDH06G01000.3,NDH20G28591.2,1
NDH06G01000.4,NDH13G51440.1,1
NDH03G47250.1,NDH19G10770.1,1
NDH10G00530.2,NDH15G39620.1,1
NDH11G35870.1,NDH09G36040.1,1
NDH06G13151.1,NDH06G13700.1,1
NDH05G31200.3,NDH09G28660.1,1
NDH06G01000.4,NDH19G07630.1,1
NDH17G04590.4,NDH02G02140.1,1
NDH01G05740.1,NDH16G13210.1,1
NDH09G29730.1,NDH16G14030.4,1
NDH02G11110.1,NDH09G36020.1,1
NDH01G05740.1,NDH16G04510.1,1
NDH10G30320.1,NDH01G05740.1,1
NDH15G36630.1,NDH03G18640.1,1
NDH06G27590.1,NDH10G12620.2,1
NDH19G20650.1,NDH07G02710.3,1
NDH11G00540.1,NDH13G47740.1,1
NDH20G11081.1,NDH09G23440.1,1
NDH15G20390.1,NDH16G13210.7,1
NDH13G04090.2,NDH17G33220.1,1
NDH15G07330.2,NDH20G08330.1,1
NDH09G32980.1,NDH19G04140.2,1
NDH04G24260.1,NDH04G06810.1,1
NDH11G02470.1,NDH20G40570.1,1
Contig1G01180.1,NDH10G08240.1,1
NDH20G20490.1,NDH08G07690.2,1
NDH19G39910.3,NDH20G05820.1,1
NDH13G47660.2,NDH14G38910.1,1
NDH04G02660.1,NDH16G13210.4,1
NDH11G38530.1,NDH06G01000.3,1
NDH07G08990.1,NDH01G24220.1,1
NDH12G08030.2,NDH06G01020.1,1
NDH07G22150.1,NDH07G10840.1,1
NDH07G04190.2,NDH15G32730.3,1
NDH01G23980.1,NDH19G00320.1,1
NDH18G05170.1,NDH16G14030.4,1
NDH20G19940.1,NDH18G07200.1,1
NDH03G02710.1,NDH07G10840.1,1
NDH09G27890.1,NDH11G37270.1,1
NDH04G01000.1,NDH19G41930.1,1
NDH14G30300.1,NDH20G11090.1,1
NDH11G13720.1,NDH18G17590.1,1
NDH12G16360.1,NDH18G10880.1,1
NDH19G16640.1,NDH11G22060.1,1
NDH06G18370.1,NDH03G03140.2,1
NDH11G39270.1,NDH16G01520.1,1
NDH16G02020.1,NDH07G02840.1,1
NDH12G08780.1,NDH04G20150.1,1
NDH20G11081.1,NDH06G12570.1,1
Contig1G00210.1,NDH19G40910.1,1
NDH10G00530.4,NDH13G21080.1,1
NDH05G11330.1,NDH08G00370.1,1
NDH12G32570.1,NDH19G03950.1,1
NDH16G02320.1,NDH10G29460.1,1
NDH03G01020.1,NDH20G11900.1,1
NDH17G11770.1,NDH19G43870.1,1
NDH06G04140.1,NDH20G26910.2,1
NDH09G00650.1,NDH15G23260.1,1
NDH06G10190.1,NDH02G29240.1,1
NDH17G06980.2,NDH07G00360.1,1
NDH20G11090.1,NDH07G00360.1,1
NDH10G07591.1,NDH10G22950.1,1
NDH08G20240.2,NDH14G25640.1,1
NDH16G00520.1,NDH20G40570.1,1
NDH19G11720.1,NDH19G03950.1,1
NDH03G41190.1,NDH06G01000.3,1
NDH03G47231.1,NDH20G08000.1,1
NDH19G35220.1,NDH17G05630.1,1
NDH13G29060.1,NDH01G31210.1,1
NDH19G35080.1,NDH08G04810.2,1
NDH06G21670.1,NDH18G24050.1,1
NDH16G00520.1,NDH03G41400.1,1
NDH06G03470.1,NDH06G01000.3,1
NDH18G27160.1,NDH03G03500.2,1
NDH03G07150.1,NDH11G02470.1,1
NDH03G36970.1,NDH04G02860.1,1
NDH10G07840.1,NDH17G31310.1,1
NDH11G00540.1,NDH09G15840.1,1
NDH14G36891.1,NDH09G32920.1,1
NDH07G11370.1,NDH17G26450.1,1
NDH06G01000.3,NDH02G21381.1,1
NDH16G00990.2,NDH11G09490.2,1
NDH06G18370.1,NDH02G09290.1,1
NDH08G07000.1,NDH13G44160.1,1
NDH13G39390.2,NDH09G23440.1,1
NDH18G34180.1,NDH16G28880.1,1
NDH14G26640.1,NDH17G25500.1,1
NDH04G19300.1,NDH07G12180.1,1
NDH06G18370.1,NDH20G38110.1,1
NDH17G03180.1,NDH14G40050.1,1
NDH11G02470.1,NDH04G18570.4,1
NDH03G47250.1,NDH02G06550.1,1
NDH09G36040.1,NDH06G01020.1,1
NDH09G22200.1,NDH17G09090.1,1
NDH07G24020.1,NDH12G22220.1,1
NDH08G12090.1,NDH06G01530.3,1
NDH03G20960.1,NDH16G14030.4,1
NDH14G39390.1,NDH08G21320.1,1
NDH15G05550.2,NDH15G00990.1,1
NDH11G02470.1,NDH09G34430.1,1
NDH09G25320.1,NDH20G01660.1,1
NDH11G22240.1,NDH06G01530.3,1
NDH20G08000.1,NDH04G11530.2,1
NDH14G00300.1,NDH10G34830.1,1
NDH09G36210.1,NDH11G37110.2,1
NDH18G22120.1,NDH14G39760.1,1
NDH08G05670.2,NDH20G25710.1,1
NDH19G29450.1,NDH11G00540.1,1
NDH13G42340.1,NDH16G13830.1,1
NDH05G04530.1,NDH07G02710.3,1
NDH03G31450.1,NDH20G40570.1,1
NDH02G10480.2,NDH13G33780.1,1
NDH04G00930.1,NDH10G00690.1,1
NDH01G05740.1,NDH09G06080.5,1
NDH14G21170.1,NDH05G17570.1,1
NDH05G00110.1,NDH05G00110.1,1
NDH14G36500.1,NDH13G25290.1,1
NDH10G02450.1,NDH10G30320.1,1
NDH19G38090.1,NDH16G14050.5,1
NDH20G06580.1,NDH08G20140.1,1
NDH15G38790.1,NDH12G36710.1,1
NDH11G03670.1,NDH01G01631.1,1
NDH03G36970.1,NDH06G01750.1,1
NDH13G25490.1,NDH18G34530.1,1
NDH10G31700.1,NDH14G28900.1,1
NDH13G25490.1,NDH03G44410.1,1
NDH20G23430.1,NDH16G13210.7,1
NDH02G09680.1,NDH07G07120.1,1
NDH20G25980.1,NDH03G02030.1,1
NDH06G01000.4,NDH13G44160.1,1
NDH02G01540.1,NDH03G46110.1,1
NDH05G39550.1,NDH08G30820.1,1
NDH12G27340.1,NDH03G07130.1,1
NDH10G05270.1,NDH20G38120.1,1
NDH13G05950.1,NDH15G32720.4,1
NDH10G05010.1,NDH13G01710.2,1
NDH16G33810.1,NDH02G12630.1,1
NDH08G17250.1,NDH13G04050.1,1
NDH13G49460.1,NDH04G33520.1,1
NDH10G31380.1,NDH11G19560.1,1
NDH09G18100.1,NDH03G34710.1,1
NDH06G08900.1,NDH09G23440.1,1
NDH01G21360.1,NDH09G29850.1,1
NDH12G26260.1,NDH16G38060.1,1
NDH06G01000.4,NDH15G08680.1,1
NDH06G01000.1,NDH16G13210.3,1
NDH10G31380.1,NDH01G36510.1,1
NDH16G10000.1,NDH09G09450.1,1
NDH20G00590.1,NDH01G05740.1,1
NDH16G24840.1,NDH17G35820.1,1
NDH10G05010.1,NDH20G39390.1,1
NDH11G37500.1,NDH01G15550.1,1
NDH16G04510.1,NDH20G10560.1,1
NDH19G04780.1,NDH14G12430.1,1
NDH20G38390.1,NDH01G30090.3,1
NDH06G01000.3,NDH16G14030.4,1
NDH06G01000.4,NDH02G20830.3,1
NDH20G10540.1,NDH12G20740.1,1
NDH19G34850.1,NDH11G02460.1,1
NDH01G30090.3,NDH04G01470.1,1
NDH13G21430.1,NDH10G27841.1,1
NDH13G41290.1,NDH20G12430.1,1
NDH01G25770.1,NDH08G19110.1,1
NDH18G05360.1,NDH10G31230.1,1
NDH07G02370.2,NDH09G00840.1,1
NDH01G11640.1,NDH13G38620.1,1
NDH09G20650.1,NDH18G26980.1,1
NDH19G42610.2,NDH09G16890.1,1
NDH09G17930.1,NDH18G10880.1,1
NDH15G23030.1,NDH18G05060.1,1
NDH06G30790.1,NDH14G23260.1,1
NDH13G25490.1,NDH06G01000.3,1
NDH02G09680.1,NDH07G23110.2,1
NDH11G28210.1,NDH08G07690.2,1
NDH19G42290.1,NDH01G13970.1,1
NDH14G22910.1,NDH19G31830.1,1
NDH19G35680.4,NDH03G35590.1,1
NDH10G10400.1,NDH07G00360.1,1
NDH01G05740.1,NDH02G11311.1,1
NDH18G28210.1,NDH06G27740.10,1
NDH13G25490.1,NDH12G20740.1,1
NDH06G11110.2,NDH08G20140.1,1
NDH05G39610.1,NDH06G27440.1,1
NDH11G02470.1,NDH20G37180.3,1
NDH03G20440.1,NDH02G02020.1,1
NDH20G11081.1,NDH18G01880.1,1
NDH15G07330.2,NDH15G23260.1,1
NDH05G33960.2,NDH06G01530.3,1
NDH12G05980.1,NDH14G36891.1,1
NDH15G39190.1,NDH09G23440.1,1
NDH02G16130.2,NDH04G34980.2,1
NDH09G23340.2,NDH08G25170.1,1
NDH17G31010.1,NDH15G04770.1,1
NDH02G22050.1,NDH20G07610.1,1
NDH06G14010.1,NDH03G13590.1,1
NDH01G24630.1,NDH18G35040.1,1
NDH14G14010.3,NDH06G21290.1,1
NDH14G15430.1,NDH05G01040.3,1
NDH01G27800.1,NDH18G32240.2,1
NDH20G06560.1,NDH09G23440.1,1
NDH05G00110.1,NDH03G46690.1,1
NDH19G41850.1,NDH06G28840.1,1
NDH17G25900.1,NDH16G25770.1,1
NDH09G21000.1,NDH19G09601.1,1
NDH05G16940.1,NDH04G19270.1,1
NDH10G34490.1,NDH16G03510.1,1
NDH07G08600.1,NDH18G00340.2,1
NDH06G01530.1,NDH17G04590.3,1
NDH12G26720.2,NDH06G21290.1,1
NDH19G36450.1,NDH04G17940.1,1
NDH13G13170.3,NDH03G13650.3,1
NDH06G07080.1,NDH16G13210.7,1
NDH19G36150.1,NDH18G26660.1,1
NDH18G08490.1,NDH14G40050.1,1
NDH11G22240.1,NDH15G03650.1,1
NDH15G03140.1,NDH12G04300.1,1
NDH02G22050.1,NDH19G09210.1,1
NDH12G04770.1,NDH05G07010.1,1
NDH03G41270.1,NDH16G06530.1,1
NDH03G07150.1,NDH14G32600.1,1
NDH10G21410.3,NDH11G38930.1,1
NDH01G29570.1,NDH17G15720.4,1
NDH11G34110.1,NDH18G36590.1,1
NDH06G25910.1,NDH20G41050.1,1
NDH19G38060.2,NDH15G31170.1,1
NDH04G06230.1,NDH10G19120.10,1
NDH06G23240.1,NDH06G01020.1,1
NDH02G09780.1,NDH01G27800.1,1
NDH06G13540.3,NDH03G20720.1,1
NDH20G06560.1,NDH02G22490.1,1
NDH10G34160.1,NDH08G20160.1,1
NDH20G06560.1,NDH06G01000.3,1
NDH02G05870.1,NDH11G11040.1,1
NDH17G25520.1,NDH06G01060.1,1
NDH04G28780.1,NDH05G25540.1,1
NDH15G04430.1,NDH09G14790.1,1
NDH08G22150.1,NDH06G01020.1,1
NDH02G28460.1,NDH18G00360.1,1
NDH18G08450.1,NDH04G06230.1,1
NDH05G04610.1,NDH17G22950.1,1
NDH19G12780.4,NDH03G11890.1,1
NDH06G28190.1,NDH03G24270.1,1
Contig1G01680.1,NDH06G21290.1,1
NDH15G06460.4,NDH18G22860.1,1
NDH18G05150.1,NDH17G19750.1,1
NDH14G33780.1,NDH14G31720.1,1
NDH05G00110.1,NDH11G35870.1,1
NDH05G39540.3,NDH01G22990.1,1
NDH06G31100.1,NDH08G18540.1,1
NDH16G08580.4,NDH19G35080.1,1
NDH09G09720.1,NDH13G52830.1,1
NDH06G01000.4,NDH12G20140.1,1
NDH13G25490.1,NDH09G06581.1,1
NDH05G04970.1,NDH04G22871.1,1
NDH16G02030.1,NDH16G02430.1,1
NDH11G34500.1,NDH10G07600.1,1
NDH12G09800.1,NDH11G08110.1,1
NDH07G20530.1,NDH06G01000.3,1
NDH17G09850.1,NDH14G07420.2,1
NDH05G09110.1,NDH15G25320.1,1
NDH19G40920.1,NDH10G12620.2,1
NDH02G21890.1,NDH15G13390.1,1
NDH12G02990.1,NDH18G15420.2,1
NDH04G06200.1,NDH03G44320.1,1
NDH17G11670.1,NDH14G01520.1,1
NDH15G38610.1,NDH02G20630.1,1
NDH14G07420.2,NDH20G15550.1,1
NDH14G14010.3,NDH13G46640.1,1
NDH01G02080.2,NDH11G09240.1,1
NDH05G05230.4,NDH13G52600.1,1
NDH05G05230.4,NDH10G04860.1,1
NDH16G13210.7,NDH15G27480.1,1
NDH19G30880.1,NDH06G01020.1,1
NDH13G20630.1,NDH16G06530.1,1
NDH08G30120.1,NDH16G29020.2,1
NDH04G23580.1,NDH08G04810.2,1
NDH09G34270.2,NDH19G13250.1,1
NDH12G14040.1,NDH05G39940.1,1
NDH18G14980.1,NDH20G40570.1,1
NDH16G01300.1,NDH08G14840.1,1
NDH12G04770.1,NDH03G47020.1,1
NDH19G13370.1,NDH06G26010.1,1
NDH01G06940.1,NDH14G11540.2,1
NDH18G06810.1,NDH05G24030.1,1
NDH15G38610.1,NDH06G37690.2,1
NDH13G12730.3,NDH13G12730.3,1
NDH13G37640.2,NDH03G16110.1,1
NDH06G01500.1,NDH18G13790.1,1
NDH03G41190.1,NDH04G33861.1,1
NDH20G29270.1,NDH03G02130.1,1
NDH07G00600.1,NDH08G14700.1,1
NDH18G32600.1,NDH06G21290.1,1
NDH14G12430.1,NDH14G11670.1,1
NDH16G06250.1,NDH03G32970.2,1
NDH01G36560.1,NDH20G33290.3,1
NDH06G13520.1,NDH17G27570.1,1
NDH17G35300.1,NDH12G27000.1,1
NDH11G03400.1,NDH20G05780.1,1
NDH14G12430.1,NDH02G21890.1,1
NDH18G00340.2,NDH16G39210.3,1
NDH13G27260.1,NDH20G40570.1,1
NDH11G19560.1,NDH17G36830.1,1
NDH07G08340.2,NDH14G22540.1,1
NDH19G07590.1,NDH17G07830.1,1
NDH03G41190.1,NDH18G00360.1,1
NDH20G10710.1,NDH19G29010.1,1
NDH06G01000.4,NDH08G13080.1,1
NDH05G00110.1,NDH17G22330.1,1
NDH04G06230.1,NDH17G09090.1,1
NDH11G13800.1,NDH05G00930.2,1
NDH16G37820.1,NDH18G10860.1,1
NDH06G01530.1,NDH09G23440.1,1
NDH18G37220.3,NDH06G34380.1,1
NDH16G13990.1,NDH18G10880.1,1
NDH17G34900.1,NDH07G01030.1,1
NDH16G11761.1,NDH17G34900.1,1
NDH09G09720.1,NDH17G00460.3,1
NDH19G44950.1,NDH08G22510.1,1
NDH07G17330.1,NDH02G11320.1,1
NDH04G06230.1,NDH20G26200.1,1
NDH03G41190.1,NDH20G31980.2,1
NDH16G16170.1,NDH09G23440.1,1
NDH10G10400.1,NDH11G11040.1,1
NDH02G05870.1,NDH10G28810.1,1
NDH05G00110.1,NDH12G14550.2,1
NDH09G35890.5,NDH09G36500.1,1
NDH13G25490.1,NDH15G32490.1,1
NDH20G23900.1,NDH19G43710.1,1
NDH07G15040.1,NDH16G08860.1,1
NDH19G36150.1,NDH03G16030.1,1
NDH16G33330.1,NDH03G17060.1,1
NDH03G41190.1,NDH15G35080.1,1
NDH12G03230.1,NDH01G05740.1,1
Contig1G00800.5,NDH06G22240.1,1
NDH16G08370.1,NDH15G39620.1,1
NDH05G00110.1,NDH11G25910.3,1
NDH14G40090.1,NDH06G21290.1,1
NDH14G24410.1,NDH06G01000.4,1
NDH10G23740.1,NDH05G38760.1,1
NDH09G29290.2,NDH04G03990.1,1
NDH17G34600.1,NDH20G40570.1,1
